Date,AMERICAN SHELLED CORN,AMERICAN SWEET CORN,AMERICAN SWEET CORN STEAMED PCK 1PC,AMERICAN SWEET CORN STEAMED PCK 2PC,APPLE FUJI,APPLE FUJI LOOSE,APPLE GOLDEN,APPLE KASHMIR,APPLE PACIFIC ROSE LOOSE,APPLE PACK,APPLE PINK LADY KG,APPLE RED DEL. MEDIUM,APPLE ROYAL GALA LOOSE,APPLE SHIMLA,APPLE VARIETY,BABY CORN PACK,BABY CORN PEELED PACK,BANANA FLOWER UNIT,BANANA KARPOORAVALLI,BANANA NENDRAN  - VWT,BANANA POOVAN,BANANA RAW PC,BANANA RED KG,BANANA ROBUSTA kg,BANANA STEM UNITS,BANANA YELAKKI 10-12PC VAR WT,BEANS BUSH,BEANS CLUSTER,BEANS CLUSTER kg,BEETROOT kg,BITTER GOURD,BLACK GRAPES SEEDLESS,BOTTLE GOURD LOOSE,BRINJAL LONG GREEN 250GM,BRINJAL LONG GREEN kg,BRINJAL LONG VIOLET 250GM,BRINJAL LONG VOILET kg,BRINJAL NAGPUR 250GM,BRINJAL NAGPUR kg,BRINJAL ROUND GREEN 250GM,BRINJAL ROUND VIOLET kg,BRINJAL STRIPPED(VARI) - 250 GMS PK,BRINJAL SUPHAL,BRINJAL VARI kg,BROCOLLI MEDIUM VWT,BUSH BEANS-LOOSE,CABBAGE,CABBAGE CHINESE (MEDIUM),CABBAGE RED,CABBAGE SANDOZE (MEDIUM),CAPSICUM BELL GREEN,CAPSICUM COLOURED,CARROT HILL PREMIUM,CARROT kg,CARROT PLAIN 500GM,CAULIFLOWER CUT PACK,CAULIFLOWER MEDIUM UNIT,CELERY PC,CHANNA WHITE STEAMED PCK,CHERRIES 200g,CHERRY FRESH PACK,CHERRY PACK.,CHILLI GREEN,CHILLI GREEN kg,CHOW CHOW-LOOSE,CHOW CHOW VWT,COCCINEA kg,COCONUT MEDIUM UNIT,COLACASIA,CORIANDER LEAF PC-KOL,CUCUMBER HYB ORGANIC,CUCUMBER HYBRID (MEDIUM) -VWT,CUCUMBER MALABAR,CUCUMBER PACK,CURRY LEAF UNIT,DATES RAW GOLDEN,DRUM STICK PC,FRESH TUTY FRUITY PACK,GARLIC 250 GMS,GARLIC BOLD,GARLIC CHINA,GARLIC HILL,GARLIC PEELED,GARLIC PKT,GARLIC PREMIUM PACK,GINGER (MANGO),GINGER PACK,GOOSEBERRY 250GM,GOOSEBERRY kg,GRAPES BANGALORE BLUE,GRAPES GREEN KG,GRAPES PANEER GULABI,GREEN ONION UNIT,GREEN PEAS PACK,GROUNDNUT PACK,GUAVA JAMA,JUMBO DEHYDRATED AMLA TREAT PACK 50g,JUMBO ROYAL DATES PACK 200g,JUMBO ROYAL DATES PACK 400g,KIWI,KNOL KHOL PLAIN-LOOSE,KNOOL KHOL,LADIES FINGER-OKHRA kg,LADY'S FINGER PACK,LEEK PC,LEMON PACK,LEMON PC,LETTUCE,LITCHI,MANGO ALPHONSO,MANGO BANGENPALLI,MANGO JAWAHAR PASAND,MANGO NEELAM,MANGO RAW LOOSE,MANGOSTEEN KG,MELODY MELON (MEDIUM),METHI UNIT,MINT LEAVES,MUSAMBI PREMIUM KG,MUSHROOM BUTTON 200GM,MUSK MELON KEERNI,MUSK MELON KEERNI KG,MUSK MELON KOREAN LARGE,ONION,ONION BULK PACK KG,ONION ECONOMY 1KG,ONION PREMIUM,ONION PREMIUM 1KG PK,ONION SAMBAR (PEELED),ONION SAMBAR PACK,ONION WHITE,ORANGE,ORANGE IMPORTED,ORANGE KINNOW,PALAK PC-KOL,PAPAYA kg,PAPAYA ORGANIC,PEAR CHINA,PEAR COUNTRY,PEARS COUNTRY MEDIUM 500GM,PINEAPPLE PC,PLUMS LOOSE,POMEGRANATE KABUL PREMIUM KG,POMOGRANATE - KABUL (MEDIUM),POOJA ITEM PACK 1,POTATO,POTATO BABY 500 GMS,POTATO BABY PC,POTATO LOW SUGAR PCK,POTATO PREMIUM,PUMKIN DISCO,PUMPKIN SLICE VWT,RAMBUTAN,RIDGE GOURD(HYBRID),SAN-BANANA HILL,SAPOTA-KG-AHD,SIPPY CORN COB,SIPPY CORN KERNALS 300g,SNAKE GOURD LOOSE,SP DRY COPRA 200 GMS,SPROUT CHENNA WHITE PACK,SPROUT GREEN GRAM PACK,SPROUT PEANUT 200GM,SPROUTS- NAVA RATHENA,SPROUTS - CORN,SPROUTS - MIXED,SUN MELON,SWEET CORN COMBI PACK,SWEET CORN STEAMED CHAT MASALA KERNEL PK,SWEET CORN STEAMEDPERI MASALA KERNEL PK,TOMATO,TOMATO HYBRID,TOMATO HYBRID PREMIUM-KG,WATERMELON KIRAN,WATERMELON VAR WT,WET DATES KIMIA PACK,WET DATES KRAFT 200g,WOOD APPLE PC,YAM SLICE VWT
7/1/2014,0,2,1,0,0,3.89,0,0,0,15,0,0,0.69,0,0,0,2,0,1.59,3.63,1.7,4,1.49,0,0,1.44,15,0,0,0.86,0.74,0,0.57,0,0,0,0,6,0,0,0,2,0.96,0,0,0,0,1,0,0,0.91,0.56,0,0,12,0,5,0,0,0,4,0,11,0,0,0,0.72,21,1,11,0,2.9,0,0,0,0,3,0,0,2,0,0,0,4,0,0,7,1,0,0,0,0,4,0,0,0,0,0,0,3,0,0,0,27,2,0,32,2,0.92,0,72.81,0,0,0.25,0,4.2,6,5,0.54,4,0,0,0,15.95,0,0,0,0,3,0,6,0,0.32,0,4,3.44,0,0,0,0,0,1.14,0,3.19,0,12.84,2,0,0,2,0,0,1,0.29,0,0,1,-2,0.53,1,1,2,0,0,0,0,0,1,0,0,7.56,7.37,6,0,0,0,0,0,0
7/2/2014,1,3,3,0,0,3.83,0,0,0,16,0,0.22,0,0,0,4,1,0,4.38,0.38,3.78,3,0.48,0.97,0,0.93,0,0,0,1.13,1.17,0.61,0,0,0,0,0,1,0,0,0,1,0.62,0,0,0,0.67,0,0,0.52,1.13,0.28,0,0,7,0,9,0,5,0,3,0,11,0,0,0,0,12,7,17,0,2.42,0,1,0,0,0,0,0,2,0,1,2,0,0,0,7,0,0.2,0,0,1.02,7,0,0,0,0,0,0,1,0,0,0,10,0,7,20,0,0,0,38.69,0.51,0,2.53,0,4.23,0,8,3.52,4,0,0,0,10.72,0,1,4,0,0,2,0,0,1.4,0,5,3.06,0,0,0,0,0,0.55,0,6.83,0,12.27,3,0,0,0,0,1.06,0,0.71,0,0,0,0,1.11,0,3,0,0,0,0,0,0,0,1,1,10.18,10.99,0,0,0,1,0,0,0
7/3/2014,0,1,0,0,0,1.04,0,0,0,28,0,0.64,1.21,0,0,2,0,1,0,0,2.17,3,0,0,0,1.38,13,1,0,0.39,1.08,0,1.5,0,0,0,0,2,0,0,0,7,0.31,0,0,0,0,0,1.82,0,2.63,0.69,0,0,10,0,7,0,1,0,0,0,12,0,0,0,0.7,3,3,0,0,2.6,0,0,0,0,2,0,1,3,1,1,0,0,0,0,9,0,0,0,0,0.5,0,0,0,0,0,0,0,0,0,0,0,13,0,2,13,0,0,0,29.15,1.41,0,0.3,0,3.83,0,0,4.2,0,0,0,0,15.37,0,0,4,0,0,5,0,0.66,0.78,0,0,2.84,0,0,0,0,2,0,0,3.08,0,13.03,1,0,0,5,0,0.8,1,1.72,0,0,0,0,2.22,0,0,2,0,0,0,0,0,0,1,0,6.48,13.2,4,0,0,1,0,0,1.28
7/4/2014,0,3,0,0,0,3.06,0,0,0,26,0,0,0.59,0,0,5,1,1,3.22,0,1.33,3,2.95,1.66,0,2.44,5,2,0,0.6,1.55,0,1.92,0,0,0,0,4,0,0,0,0,1.21,0,0,0,1.23,0,0.37,1.58,2.24,0.58,0,0,9,0,4,0,0,0,0,0,10,0,0,0,0.29,5,3,11,0,2.4,0,2,0,0,7,0,1,1,0,1,4,1,0,0,7,1,0,0,0,0,1,0,0,0,0,0,1,2,0,0,0,17,2,3,6,0,0,0,86.08,0,0,1.08,0,6.32,12,6,5.42,5,0,0,0,11.89,0,0,7,2,4,3,0,0,0,0,4,3.71,0,0,0,0,0,0,0,5.04,0,8.8,0,1,0,2,2.11,1.16,0,2.06,0,0,0,0,0,0,2,0,0,0,0,2,0,0,3,0,9.89,10.71,2,0,0,3,0,0,0.7
7/5/2014,0,2,0,0,0,3.76,0,0,0,36,0,0.67,0.28,0,0,1,6,3,1.54,2.97,3.59,2,2.3,0,0,3.19,8,4,0,1.74,0,0,1.73,0,0,0,0,7,0,0,0,5,1.37,0,0,0,1.92,0,0.21,2.04,2.49,0.49,0,0,12,0,3,0,1,0,0,0,12,0,0,0,0.33,14,1,17,0,2.23,0,0,0,0,0,0,0,0,0,3,0,2,0,0,6,0,0,0,0,0,3,0,0,0.99,0,0,0,0,0,0,0,23,0,22,15,1,0,0.01,200.81,0,0,0,0.42,20.18,12,3,3.55,3,0,0,0,25.25,0,0,7,0,3,4,1,0,0,0,9,6.43,0,0,0,0,0,0,0,16.09,0,12.48,0,0,0,6,0,0,0,0.65,3.18,0.58,0,3,1.23,1,0,2,0,0,0,1,0,0,0,2,10.77,23.68,1,0,0,2,0,0,0.62
7/6/2014,0,2,1,0,0,3.45,0,0,0,26,0,0,1.13,0,0,3,0,0,10.03,0,2.84,3,2.03,2.53,0,4.86,10,5,0,0.96,0.75,0,2.03,0,0,0,0,2,0,0,0,6,0.42,0,0,0,2.72,4,0.64,1.52,2.32,0.52,0,0,14,0,5,0,1,0,0,0,23,0,0,0,0.54,16,10,14,0,3.71,0,1,0,0,3,0,2,2,0,5,0,1,0,0,11,1,0,0,0,2.36,4,0,0,0.16,0,0,0,0,0,0,0,25,0,7,20,1,0,0,137.54,0,0,0,1,20.56,17,12,1.08,0,0,2.61,1.02,27.5,0,0,0,0,0,5,1,0.18,3.05,0,10,2.94,0,0,0,0,1,0,0,11.86,0,16.1,2,0,0,0,1.13,0,0,0.38,0.81,0,0,0,1.22,1,2,4,0,0,0,1,0,0,3,0,12.72,26.27,0,0,0,0,0,0,0.78
7/7/2014,0,0,0,0,0,5.34,0,0,0,20,0,0,1.55,0,0,4,0,0,3.27,2.1,4.65,4,0.24,0.66,0,1.82,6,2,0,0.15,0,0,0,0,0,0,0,0,0,0,0,3,0,0,0,0,0,0,0.25,0.72,1.04,0.51,0,0,13,0,0,0,2,0,0,0,7,0,0,0,0.8,5,0,12,0,1.39,0,1,0,0,0,0,0,1,0,3,0,0,0,0,4,0,0,0,0,0.69,3,0,0,0.56,0,0,0,0,0,0,0,15,0,5,14,0,0,0,36.46,0,0,0.51,0,1.85,0,11,6.25,0,2.32,0,1.01,19.22,0,0,0,0,0,5,3,0,0.88,0,9,1.11,0,0,0,0,1,0,0,8.57,0,10.72,0,0,0,0,0,0,1,1.88,1.11,0.47,1,0,0,0,2,1,0,0,0,1,0,1,0,1,6.99,17.74,0,0,0,0,0,0,0
7/8/2014,0,2,0,0,0,0.66,0,0,0,6,0,0.42,0,0,0,1,0,0,2.16,0.68,2.49,1,0.28,1.09,0,3.63,5,0,0,0.32,0.75,0,1.32,0,0,0,0,3,0,0,0,0,0,0,0,0,1,1,0.44,0,0.92,0.12,0,0,7,0,4,1,0,0,0,0,13,0,0,0,0,4,0,13,0,1.59,0,0,0,0,0,0,0,1,4,1,1,1,0,0,8,2,0,0,0,0,2,0,0,0,0,0,0,7,0,0,1,13,0,1,32,2,0,0,0,0,0,0,0,6.83,4,6,1.19,7,0,0,0,11.32,0,0,4,0,2,7,4,0,1.42,0,6,1.13,0,0,0,0,0,0,0,4.96,0,7.65,1,0,0,0,0,0,0,1.18,0,0,0,0,1.19,0,0,3,0,0,0,1,0,0,2,1,7.19,5.05,8,0,0,2,0,0,0
7/9/2014,0,4,0,1,0,1.46,0,0,0,14,0,2.17,2,0,0,0,0,0,3.42,0,2.19,1,1.11,0.3,0,2.13,5,1,0,0.49,0.47,0,0.4,0,0,0,0,5,0,0,0,8,0.63,0,0,0,0,0,0.49,3.58,1.23,1.11,0,0,6,0,4,0,2,0,0,0,10,0,0,0,0.62,4,0,10,0,3.78,0,0,0,0,0,0,2,1,0,1,1,1,0,0,11,0,0,0,0,0,1,0,0,0.45,0,0,0,2,0,0,0,22,0,6,8,0,0,0,0,0,0,0,0,4.92,15,5,0,0,0,0,0.75,15.04,0,0,0,0,0,4,1,0,0.37,0,9,0,0,0,0,0,1,0,0,4.45,0,11.66,4,0,0,0,0,0.67,0,0.89,1.57,0,0,0,0.73,0,0,0,0,0,1,2,0,0,1,0,17.57,0.56,1,0,0,1,1,0,0
7/10/2014,0,0,0,2,0,4.02,0,0,0,23,0,0,0.59,0,0,3,3,0,0,0.89,2.02,3,0.91,0.11,0,0.38,2,0,0,1.71,2.74,0,2.21,0,0,0,0,2,0,0,0,0,1.32,0,0,0,0.16,0,0.46,0,1.58,0.2,0,0,10,0,2,2,0,0,0,0,13,0,0,0,0,0,0,11,0,2.04,0,3,0,0,3,0,1,0,1,1,0,0,0,0,4,1,0,0,0,0,0,0,0,0,0,0,0,0,0,0,0,8,0,3,15,4,0,0,0,0,0,1.3,0,7.85,9,5,4.15,5,0,0,0,8.75,0,0,7,0,0,3,0,0,1.22,0,4,1,0,0,0,0,2,0,0,2.61,0,6.11,0,0,0,1,0,0.24,0,0.73,1.15,0,1,0,0,0,0,1,0,0,1,1,0,0,1,0,6.51,8.71,0,0,0,1,0,0,0
7/11/2014,0,0,0,4,0,2.8,0,0,0,8,0,1.11,0.29,0,0,0,1,0,3.44,0.71,0.39,2,4.14,0.94,0,1.25,9,5,0,1.02,1.84,0,2,0,0,0,0,3,0,0,0,3,2.23,0,0,0,0,0,0.8,2.25,2.29,0.59,0,0.6,9,0,4,3,0,0,0,0,6,0,0,0,0,1,0,11,0,0.5,0,2,0,0,5,0,1,4,0,0,0,1,0,0,4,0,0,0,0,0,2,0,0,0,0,0,0,0,0,0,0,9,0,7,18,0,0,0,35.07,1.56,0,0.67,0,14.07,5,8,0.36,7,2.28,1.87,0,13.58,0,0,13,0,0,2,1,0,4.59,0,7,1.02,0,0,0,0,0,0,0,2.68,0,5.23,0,0,0,3,1,0,0,1.91,0.33,0,0,0,0,0,2,0,0,0,0,1,0,0,0,0,10.24,15.78,0,0,0,0,0,0,0
7/12/2014,0,0,3,5,0,2.23,0,0,0,6,0,1.25,0,0,0,4,0,0,3.02,1.98,4.79,3,0.79,1.03,0,3.52,4,5,0,1.66,0,0,2.87,0,0,0,0,7,0,0,0,5,2.99,0,0,0,0,0,0.62,0,1.32,1.45,0,0,10,0,2,2,0,0,0,0,14,0,0,0,0.26,2,2,10,0,3.58,0,2,0,0,2,0,0,2,1,0,0,1,0,0,7,0,0,0,0,0,3,0,0,0,0,0,0,0,0,0,0,15,4,10,13,3,0,0,12.24,10.8,0,1.41,0,10.75,8,9,1.5,0,1.09,1.36,0,10.4,0,0,10,0,2,3,0,0,10.07,0,6,1.01,0,0,0,0,1,0,0,3.17,0,7.45,1,0,0,2,0.73,0,0,2.37,0.32,0,0,0,0.28,1,2,2,0,0,0,1,0,0,3,1,9.94,14.16,0,0,0,3,0,0,0
7/13/2014,0,2,0,3,0,3.5,0,0,0,0,0,1.61,0,0,0,1,2,0,3.77,1.67,2.73,3,0.41,0.42,0,1.63,9,2,0,0.23,0.22,0,0.7,0,0,0,0,1,0,0,0,4,0.72,0,0,0,1.82,0,0.35,1.55,1.31,0.94,0,0,9,0,5,0,0,0,0,0,6,0,0,0,0.42,0,2,15,0,3.82,0,0,0,0,3,0,0,0,1,0,1,0,0,1,6,0,0.03,0,0,0,3,0,0,0,0,0,0,0,0.51,0,0,20,0,6,16,1,0,0,0,0.88,16.32,1.94,0,3.22,4,8,0.41,0,0,1.56,0,24.49,0,0,20,0,3,0,1,0,0,0,3,0.69,0,0,0,0,5,0,0,0.76,0,10.6,0,0,0,2,0,0,0,2.63,0,0,0,0,1.01,0,2,1,0,0,0,1,0,0,2,1,12.15,21.01,0,0,0,5,0,0,0
7/14/2014,0,0,0,3,0,0.14,0,0,0,0,0,1.09,1.44,0,0,2,1,0,0.83,2.6,2.9,4,2.77,0,0,0.54,7,3,0,0,1.38,0,0.46,0,0,0,0,2,0,0,0,3,0,0,0,0,0,0,0,0,1.27,0.84,0,0,8,0,4,0,0,0,0,0,1,0,0,0,0,0,2,11,0,2.16,0,0,0,0,2,0,1,0,1,0,2,0,0,0,4,1,0,0,0,0,4,1,0,0,0,0,0,3,0.23,0,0,12,0,8,9,0,0,0,0,0,40.73,0.47,0,3.21,8,7,0,0,1.03,1.19,0,7.11,0,0,6,0,2,0,0,0,0,0,4,1.79,0,0,0,0,0,0,0,0.52,0,9.66,0,0,0,0,0,0,0,0.92,0,0,0,0,2.13,0,0,2,0,0,0,0,0,0,0,0,7.31,9.54,7,0,0,0,0,0,0
7/15/2014,0,0,0,2,0,0.74,0,0,0,0,0,0.87,0.2,0,0,1,2,0,4.48,1,2.79,7,1.05,0.49,0,0,11,1,0,0.99,0.45,0,0.36,2,0,0,0,2,0,0,0,2,1.9,0,0,0,0,0,0,0.99,0.8,0.36,0,0,14,0,3,0,0,0,0,0,16,0,0,0,0.71,0,0,11,0,2.33,0,5,0,0,2,0,3,4,0,2,2,0,0,0,3,0,0,0,0,0,1,0,0,0,0,0,0,4,0,0,0,12,0,4,16,1,0,0,0,0,24.7,1.84,0.42,11.98,10,8,1.56,1,0,1.41,1.19,8.44,0,0,11,0,0,3,0,0,1.51,0,5,2.09,0,0,0,0,1,0,0,7.69,0,15.36,0,0,0,1,1,0,0,1.16,0,0,0,0,0.29,1,1,4,0,0,0,2,0,0,1,0,12.45,10.87,5,0,0,0,1,0,0
7/16/2014,0,3,0,2,0,0.25,0,0,0,0,0,0.1,0.12,0,0,0,0,0,1.08,2.65,1.49,1,0,1.56,0,0,0,1,0,0,0,0,2.33,0,0,0,0,2,0,0,0,0,1.38,0,0,0,0,0,0,0,1.45,0.17,0,0,7,0,4,1,0,0,0,0,0,0,0.24,0,0,6,0,8,0,1.99,0,3,0,0,0,0,0,0,0,0,5,3,0,0,0,2,0.07,0,0,0,1,0,0,0,0,0,0,0,0,0,0,7,0,2,13,0,0,0,0,0,18.87,1.01,0,4.79,6,2,0.28,1,0,0,0,12.99,0,0,5,0,1,2,1,0,0.86,0,6,0.51,0,0,0,0,0,0,0,1.73,0,8.49,0,0,0,3,0,0.25,0,0,0,0,0,0,0.71,0,0,2,0,0,0,2,0,0,0,2,4.23,8.21,4,0,0,2,0,0,0
7/17/2014,0,0,1,6,0,3.15,0,0,0,7,0,0.3,1.96,0,0,1,4,0,4.04,0.48,1.2,3,1.31,1.24,0,1.44,3,0,0,1.12,0.2,0,0.72,0,0,0,0,0,0,0,0,3,2.37,0,0,0,0,0,0.38,0,1.02,1.56,0,0,9,0,3,0,0,0,0,0,0,0,0.2,0,0,12,2,8,0,2.43,0,0,0,0,1,0,0,1,0,0,3,0,0,0,4,0,0.1,0,0,0,7,0,0,0,0,0,0,0,0.63,0,0,16,1,6,2,0,0,0,0,0,27.04,1.46,0,6.83,3,2,2.26,5,0,0,2.72,5.45,0,0,3,0,3,1,0,0,0.19,0,3,0.86,0,0,0,0,0,0,0,2.1,0,6.39,0,2,0,6,0.5,0,0,0,0,0,0,0,0,0,2,0,0,0,0,0,0,0,0,1,6.92,6.16,1,0,0,0,0,0,0
7/18/2014,0,2,0,2,0,7.74,0,0,0,1,0,0.15,2.33,0,0,1,3,0,0.74,3.32,3.29,2,2.24,0,0,0.55,6,1,0,0,0.8,0,1.88,0,0,0,0,0,0,0,0,3,2.78,0,0,0,0.8,2,0.91,0.9,2.12,0.4,0,0,15,0,5,1,0,0,0,0,0,0,1.01,0,0,15,1,12,0,3.13,0,3,0,0,0,0,1,2,3,0,2,2,0,0,1,0,0,0,0,0,2,0,0,0,0,0,0,0,0,0,0,18,2,11,12,0,0,0,0,0,32,0.33,0,6.32,8,1,4.55,4,0,0,0,10.98,0,0,11,0,0,1,0,0,1.37,0,6,1.21,0,0,0,0,0,0,0,0,0,11.71,0,2,0,11,0,0,0,0.27,0,0,0,0,0.24,0,1,2,0,0,0,3,0,0,3,1,6.54,15.16,0,0,0,0,0,0,0
7/19/2014,0,2,0,6,0,2.84,0,0,0,13,0,5.66,0.43,0,0,1,2,0,1.45,0,3.97,2,0.81,0,0,2.31,0,3,0,0.56,0.25,0,2.69,0,0,0,0,0,0,0,0,2,0.54,0,0,0,0.77,2,0,2.09,0.64,1.36,0,0,6,0,2,0,0,0,0,0,0,0,0.67,0,0,9,0,9,0,1.58,0,2,0,0,0,0,2,0,1,5,2,1,0,0,3,0,0,0,0,0,2,0,0,0,1,0,0,0,0,0,0,11,3,10,8,2,0,0,0,0,38.18,0.39,0,6.49,5,3,4.82,3,0,2.04,0,5.98,0,0,7,0,2,1,0,0,0.7,0,0,3.66,0,0,0,0,5,0,0,10.77,0,4.77,0,0,0,8,1.56,0.44,0,0.92,0,0,0,0,0.51,0,1,0,0,0,0,0,0,0,2,3,1.67,8.2,5,0,0,2,0,0,0
7/20/2014,0,4,0,3,0,1.94,0,0,0,13,0,3.68,0.99,0,0,1,1,0,5.79,0,1.06,6,1.9,2.95,0,2.18,3,3,0,0.86,0,0,2.46,0,0,0,0,4,0,0,0,8,1.34,0,0,0,0,0,1.55,0,1.59,1.19,0,0,9,0,5,0,2,0,0,0,7,0,0,0,0.96,6,0,14,0,5.06,0,2,0,0,6,0,4,1,0,3,2,1,0,0,8,0,0,0,0,0,8,0,0,0,0,1,0,0,0.79,0,0,21,0,2,6,2,0,0,0.41,0,38.49,0.36,0,9.71,9,8,3.76,3,0,0,0,8.97,0,0,18,0,0,2,0,0,0,0,0,1.66,0,0,0,0,3,0,0,5,0,6.73,0,0,0,3,2.65,0,0,1.29,0,0,0,0,0.81,0,3,5,0,1,0,4,0,0,1,3,12.54,9.9,1,0,0,1,0,0,0
7/21/2014,0,3,1,5,0,1.47,0,0,0,1,0,2.45,2.47,0,0,1,0,0,3.79,0.88,2.81,4,3.37,1.6,0,2.28,4,1,0,1.37,0.6,0,0.79,0,0,0,0,1,0,0,0,6,1.87,0,0,0,0.68,0,0.46,3.58,2.25,1.35,0,0,8,0,6,1,0,0,0,0,9,0,0,0,0,1,0,12,0,2.91,0,3,0,0,2,0,0,1,0,0,0,2,0,0,6,0,0.15,0,0,0,7,0,0,0,0,0,0,0,0,0,0,11,1,11,15,1,0,0,0,0,9.4,0,0,11.18,6,4,2.37,4,0,0,0,3.67,0,0,15,0,2,0,0,0,0,0,7,1.78,0,0,0,0,1,0,0,0.28,0,8.52,0,1,0,5,0,0,0,0.79,0,0,2,1,1.66,1,1,1,0,0,0,0,0,0,0,1,9.21,8.9,0,0,0,2,0,0,0
7/22/2014,0,3,5,4,0,1.43,0,0,0,11,0,3.12,0.93,0,0,2,2,0,1.84,2.31,3.32,1,3.6,0,0,2.19,0,4,0,0.57,0.49,0,0.57,0,0,0,0,1,0,0,0,2,1.98,0,0,0,1.47,1,1.17,0.57,1.69,0.55,0,0,8,0,4,0,0,0,0,0,5,0,0.6,0,0.68,2,0,11,0,6.19,0,1,0,0,0,0,0,2,1,2,1,1,0,0,4,0,0,0,0,0,2,0,0,0,0,1,0,0,0,0,0,17,0,4,6,1,0,0,0,0,0.33,1.55,0,8.77,6,7,1.98,0,0,0,0,4.55,0,0,8,0,3,2,0,0,0,0,4,2.56,0,0,4,0,0,0,0,0,0,5.46,0,0,0,1,0,0,0,0,0,0,0,0,0.26,0,4,4,0,0,0,1,0,0,0,2,4.96,5.26,7,0,0,0,0,0,0
7/23/2014,1,0,0,3,0,0.83,0,0,0,5,0,3.41,0,0,0,0,1,2,4.23,1.99,1.69,0,3.98,0,0,0.85,0,3,0,1.29,0.94,0,0.67,0,0,0,0,3,0,0,0,4,2.15,0,0,0,1.33,3,1.22,1.28,1.46,1.01,0,0,9,0,4,0,0,0,0,0,10,0,0,0,0.3,0,1,8,0,2.43,0,0,0,0,3,0,3,0,0,0,3,1,0,0,4,1,0,0,0,0,6,0,0,0,0,0,0,0,0.82,0,0,11,1,4,10,0,0,0,0,0,10.91,1.52,0,4.77,9,5,11.13,0,0,1.06,1.04,4.84,0,0,18,0,0,1,0,0,0,0,3,0,0,0,0.52,0,3,0,0,0,0,4.67,1,0,0,5,1.75,0,0,2.81,1.65,0,1,0,0.94,0,2,3,0,0,0,1,0,0,1,1,9.35,7.97,0,0,0,1,0,0,0
7/24/2014,0,2,1,0,0,0,0,0,0,21,0,5.87,1.29,0,0,1,3,0,1.88,3.12,1.85,1,1.81,0,0,2.33,4,0,0,0.91,0.79,0,2.7,0,0,0,0,4,0,0,0,4,2.43,0,0,0,0,1,0.47,0,1.33,0.68,0,0,8,0,3,0,0,0,0,0,10,0,0,0,0,2,1,11,0,3.46,0,2,0,0,0,0,2,0,0,0,0,1,0,0,5,0,0,0,0,0,4,0,0,0,0,0,0,0,0.85,0,0,16,1,4,6,0,0,0,0.01,0,23.73,1.5,0,11.3,6,4,2.02,0,0,2,0,13.07,0,0,6,0,2,1,0,0,0,0,8,0,0,0,0.51,0,0,0,0,7.92,0,7.42,0,1,0,2,0,0,0,0.94,0.6,0,0,0,1.52,0,1,4,0,0,0,0,0,0,0,0,6.94,7.36,0,0,0,1,0,0,0
7/25/2014,0,0,2,2,0,0,0,0,0,10,0,1.99,0.26,0,0,0,2,1,0.95,2.28,2.29,5,0.93,0,0,1.18,13,1,0,0.18,0,0,2.1,0,0,0,0,3,0,0,0,4,0.29,0,0,0,0,1,0,1.07,2.09,0.46,0,0,8,0,3,0,0,0,0,0,10,0,0,0,1.4,0,0,11,0,3.48,0,1,0,0,0,0,1,0,0,0,0,0,0,0,5,0,0,0,0,0,3,0,0,0,0,0,0,0,0.32,0,0,21,1,5,6,0,0,0,0,0,5.32,0.86,0,2.56,5,5,2.03,3,1.49,0,0,6.54,0,0,4,0,0,3,0,0,0,0,10,1.86,0,0,2.55,0,1,0,0,3.27,0,3.3,0,0,0,3,0.53,0,0,2.85,0.51,0,0,0,2.15,0,0,2,0,0,0,1,0,0,0,0,4.13,4.06,0,0,0,0,0,0,0
7/26/2014,2,13,0,0,0,2.09,0,0,0,6,0,3.71,0.37,0,0,0,0,0,1.44,5.12,3.91,4,1.25,0,0,0.91,6,3,1,0,0.8,0,1.37,1,0,4,0,2,0,0,0,1,1.46,0,0,0,0,0,0,1.52,2.62,1.11,0,0,10,0,6,0,0,0,0,0,9,0,0,0,0.47,12,2,9,0,2.75,0,0,0,0,1,0,1,0,2,0,0,2,0,0,6,0,0,0,0,0,1,0,0,0,0,0,0,0,0.43,0,2,9,0,8,17,0,0,0,0,0,28.7,2.18,0,14.18,6,1,5.24,4,0,2.62,0,8.06,0,0,9,0,3,1,0,0,0.49,0,2,5,0,0,0,0,1,0,0,5.6,0,4.02,1,0,0,3,1.78,0,0,0.34,0,0,0,0,0.97,0,1,1,0,0,0,1,0,0,0,0,4.64,11.99,0,0,0,0,0,0,0
7/27/2014,0,12,0,8,0,0.89,0,0,0,0,0,3.42,0.63,0,0,0,1,0,1.71,0.75,1.94,2,2.11,0,0,1.32,13,3,0,0.63,0,0,1.86,0,0,1,0,5,0,1,0,4,2.1,0,1.08,0,0,1,0.81,0.84,0.36,0.11,0,0,9,0,0,0,0,0,0,0,13,0,0,0,0.25,11,3,10,0,2.9,0,5,0,0,0,0,1,0,3,1,0,3,0,0,9,1,0,0,0,0,6,0,3,0,0,0,0,0,0.54,0,-2,21,1,9,2,1,0,0,0,0,31.67,0.93,0,1.68,6,7,4.11,1,0,1.62,0,5.02,0,0,15,0,0,1,0,0,5.33,0,0,2.54,0,0,0,0,0,0.5,0,4.74,0,1.04,1,0,0,0,-0.2,0,0,1.63,0,0,0,0,0.22,0,2,1,0,1,0,0,0,0,1,1,16.5,7.93,0,0,0,1,0,0,0
7/28/2014,0,5,0,1,0,5.17,0,0,0,0,0,2.21,0.9,0,0,0,0,0,3.09,1.55,3.95,1,4.15,0,0,1.04,6,0,0,0.86,0.67,0,0.49,0,0,0,0,1,0,0,0,2,2.25,0,0,0,0,0,0,2.9,0.91,0,0,0,9,0,3,0,0,0,0,0,5,0,0,0,0.52,13,0,12,0,4.96,0,2,0,0,2,0,2,0,1,0,0,0,0,0,1,0,0,0,0,0,3,0,1,0,0,0,0,0,0.1,0,0,17,1,3,4,2,0,0,0.01,0,26.34,1.77,0,7.8,4,4,2.81,4,0,3.95,0,2.77,0,0,8,0,2,2,0,0,4.37,0,6,3.68,0,0,0,0,1,0.48,0,8.07,0,0,3,0,0,4,0,0,0,0.24,0,0,0,0,0.2,0,0,4,0,0,0,0,0,0,0,2,4.48,6.97,0,0,0,0,0,0,0
7/29/2014,0,3,0,2,0,2.93,0,0,0,0,0,2.59,0,0,0,2,1,1,1.3,1.57,2.9,1,1.96,0,0,2.57,2,3,0,0.4,0.56,0,0,0,0,0,0,3,0,0,0,9,0.82,0,0,0,0.63,0,1.52,1.22,2.26,0.69,0,0,6,0,1,0,0,0,0,0,6,0,0,0,0.39,5,3,9,0,1.78,0,4,0,0,0,0,0,2,2,0,4,2,0,0,1,0,0,0,0,0,2,0,0,0,0,0,0,0,0,0,0,20,2,8,4,0,0,0,0,0,26.84,0,0,8.29,7,2,4.37,0,1.34,0,0,5.63,0,0,6,0,3,1,0,0,3.35,0,0,2.67,0,0,0,0,4,0.53,0,3.88,0,5.4,2,0,0,2,0.53,0.26,0,1.2,0,0,0,0,0.48,0,1,5,0,2,0,3,0,0,0,0,11.18,3.77,3,0,0,0,0,0,0
7/30/2014,0,6,0,2,0,8.09,0,0,0,0,0,1.08,7.32,0,0,1,0,2,0.98,1.43,4.76,3,3.05,1.83,0,3.75,1,1,0,0.22,0.38,0,0.59,0,0,1,0,2,0,0,0,2,1.8,0,1.49,0,0,0,0.3,0.76,1.17,0,0,0,12,0,2,0,0,0,0,0,14,0,0,0,1.14,7,2,8,0,3.15,0,5,0,0,1,0,0,1,1,0,0,5,0,0,2,1,0,0,0,0,5,0,0,0,0,0,0,0,0.31,0,0,16,0,3,7,1,0,0,0,0,19.05,0,0,16.39,9,3,2.14,0,0,0,0,9.01,0,0,8,0,1,2,2,0,1.62,0,3,2.33,0,0,0,0,0,0,0,6.42,0,9.83,0,0,0,4,1.71,0,0,1.22,0,0,1,0,1.33,0,3,3,0,0,0,1,0,0,2,0,9.87,4.47,5,0,0,0,0,0,0
7/31/2014,0,1,0,2,5,5.02,0,0,0,9,0,0,4.52,0,0,1,1,0,2.26,0.22,2.62,0,2.38,2.15,0,2.04,3,0,0,0.1,0,0,1.15,0,0,0,0,2,0,0,0,3,0.34,0,0.14,0,0.71,0,0,1.93,1.27,0.74,0,0,6,0,2,0,0,0,0,0,10,0,0,0,0,4,0,9,0,1.35,0.4,1,0,1,2,0,0,1,0,0,0,1,1,0,2,0,0,0,0,0,1,0,0,0,0,0,0,0,0,0,0,8,0,3,3,0,0,0,0,0,15.76,1.44,0,8.43,7,5,1.38,3,1.24,0,0,10.16,0,0,3.55,0,0,1,2,1.47,1.64,0,4,2.17,0,0,0,0,1,0,0,10.34,0,6.81,0,2,0,2,0,0,0,0,0,0,2,1,0.87,0,0,0,0,0,0,0,0,1,0,0,8.8,6.85,0,0,0,0,1,0,0
8/1/2014,0,20,1,0,2,1.36,0,0,0,8,0,0,3.22,0,0,0,1,0,2.37,0.35,1.03,0,2,0,2,1.97,7,1,0,0,0,0,1.04,0,0,0,0,0,0,0,0,10,0,0,1.89,0,0,1,1.12,2.52,3.48,1.33,0,0,13,0,2,0,0,0,0,0,12,0,0,0,0,13,0,10,0,0.96,0,1,0,0,1,0,0,1,1,0,0,2,1,0,1,1,0,0,0,0,2,0,0,0,0,0,0,0,0,0,0,35,0,7,4,0,0,0,0,0,17.38,0.41,0,11.83,9,8,2.39,3,0,0,0,40.74,0,0,4,4,2,0,2,0.82,2.95,0,6,4.63,0,0,0,0,1,0,0,12.13,0,37.2,1,0,1,1,0.87,0,0,0.83,0,0,0,0,0.72,2,0,0,0,0,0,1,0,0,0,0,40.75,13.8,0,0,0,1,0,0,0
8/2/2014,0,12,0,1,3,4.77,0,0,0,15,0,1.63,6.84,0,0,2,4,0,5.92,2.5,3.93,4,4.22,0,0,2.42,9,5,0,0.23,0.2,0,0.78,0,0,0,0,2,0,0,0,26,0,0,0.7,0,0,0,0.71,4.07,2.57,0.24,0,0,9,0,5,0,0,0,0,0,16,0,0,0,0.27,15,4,10,0,0.52,0,1,0,0,0,0,0,0,1,0,0,2,0,0,8,2,0.23,0,0,0,4,0,0,0,0,0,0,10,0,0,0,41,0,8,3,0,0,0,0,0,35.92,0,0,13.3,7,0,5.06,1,0,0,0,31.72,0,0,3,2,0,4,1,2.85,3.9,0,4,7.28,0,0,0,0,1,0,0,24.96,0,28.7,0,3,0,0,2.11,0,0,0.99,0,0,4,0,0.66,0,0,0,0,1,1,4,0,0,1,0,25.21,10.41,0,0,0,1,0,0,0
8/3/2014,0,25,0,2,0,6.21,0,0,0,14,0,10.5,3.53,0,0,2,0,0,4.74,6.13,4.42,3,0,0.44,0,4.06,13,1,0,2.34,1.23,0,1.63,0,0,0,0,1,1.05,0,0,19,0,0,1.22,0,0.85,0,0.73,1.41,5.13,1.42,0,0,16,0,3,0,0,0,0,1,13,0,0,0,0.49,8,2,9,0,0,0,2,0,0,0,2,5,1,1,0,0,1,0,0,8,2,0,0,0,0,7,0,0,0,1,0,0,10,0.75,0,0.25,55,0,7,4,0,0,0,0,0,22.53,0,0,9.38,3,0,2.7,0,0,0,0,26.74,0,0,9,6,3,2,3,1.67,1.32,0,1,1,0,0,0,0,0,0,0,27.49,0,19,0,0,3,6.26,0.48,0,0,0.81,0,0,2,0,0.62,2,0,3,0,0,0,0,0,0,1,1,14.45,12.84,0,0,3.5,1,0,0,0
8/4/2014,0,7,0,2,0,3.19,0,0,0,26,0,2.19,2.1,0,0,3,2,0,0,2.12,3.55,2,3.83,2.46,0,2.28,4,1,0,0,0.25,0,1.81,0,0,0,0,1,0,0,0,8,2.67,0,0,0,0.84,0,0.22,1.16,2,0.53,0,2,5,0,3,1,0,0,0,0,5,0,0,0,1,6,2,11,0,0,0,1,0,0,1,1,0,0,2,0,0,2,0,0,7,0,0,0,0,0,6,0,1,0,0,0,0,0,0,0,0,24,0,7,6,1,0,0,0,0,30.7,0.47,0,11.48,9,3,3.92,2,0,0,0,12.51,0,0,9,1,1,6,0,0,2.41,0,6,0,0,0,0,0,0,0,0,8.54,0,13.39,1,0,0,0,0.98,0,0,2.45,0,0,1,1,0.33,0,1,1,0,0,0,2,1.34,0,0,0,9.99,11.72,0,0,4,0,0,0,0
8/5/2014,0,5,0,4,0,2.47,0,0,0,10,0,0.6,4.7,0,0,1,4,0,0.98,3.47,1.33,1,2.24,0.72,0,1.82,7,0,0,0.88,0,0,1.74,1,0,0,0,4,0,0,0,4,2.83,0,2.97,0,0,0,0.53,3.11,2.28,0.55,0,0.5,10,0,6,2,0,0,0,0,18,0,0,0,0.52,15,3,11,0,2.24,0,4,0,0,0,4,1,0,3,1,3,2,0,0,8,3,0,0,0,0,3,0,1,0,0,0,0,7,0,0,0,19,1,14,7,0,0,0,0,0,14.73,0,0,9.28,8,2,4.4,2,0,0,0,7.51,0,0,3,1,2,2,5,0,3.47,0,2,2.76,0,0,0,0,1,0,0,5.92,0,11.88,2,0,0,4,0,0,0,0.51,0,0,0,0,0.71,0,1,1,1,0,0,2,1.28,0,3,0,8.87,6.3,4,0,0,0,0,0,0
8/6/2014,0,1,0,0,0,2.29,0,0,0,19,0,0.82,2.17,0,0,1,0,0,3.95,0.5,3.94,0,0.47,0.21,0,2.71,5,1,0,0.23,0.69,0,1.65,0,0,0,0,0,0,0,0,3,2.12,0,0.57,0,1.85,0,0,1.16,1.74,0.65,0,0,10,0,1,0,0,0,0,1,17,0,0,0,0.39,7,0,12,0,1.67,0.37,5,0,0,3,0,1,3,0,0,0,1,0,0,4,0,0,0,0,0,9,0,1,0,0,0,0,0,0,0,0,4,0,9,17,1,0,0,0,0,22.13,1.13,0,5.85,10,5,2.02,7,0,0,0,14.9,0,0,4,0,1,3,2.5,0.16,2.67,0,3,3.89,0,0,0,0,1,0,0,7.42,0,12.57,0,0,0,4,0,0,0,1.9,0,0,1,0,0.47,0,0,0,0,0,0,0,0,0,0,1,13.15,6.35,1,0,1.8,0,0,0,0
8/7/2014,0,1,0,3,0,2.18,1,0,0,12,0,1.06,1.31,1,0,1,2,1,3.06,4.95,5.01,4,4.2,0,0,1.58,12,2,0,0.47,1.38,0,0.64,2,0,0,0,1,0,0,0,1,2.16,0,0.48,0,0,0,0.27,2.46,1.31,1.51,0,0,11,1,7,0,0,0,0,1,12,0,0,0,0,11,6,11,0,3.77,0,2,0,0,2,0,1,1,1,1,0,2,0,0,4,0,0,0,0,0,5,0,1,0,0,0,0,1,0,0.25,0,9,0,2,20,0,0,0,0,0,7.16,0,0,4.87,4,2,4.94,0,1.4,1.19,0,4.95,0,0,6,0,2,0,1,0,2.59,0,10,3.81,0,0,0,0,0,0,0,1.75,0,2.99,0,1,0,6,0,0,0,0,0,0,0,0,1.75,0,2,2,0,0,0,2,0,0,0,0,8.42,11.31,0,0,3.52,0,1,0,0
8/8/2014,0,0,0,0,0,1.19,0,0,0,2,0,0.34,0.45,0,0,1,1,0,1.24,1.17,3.23,0,4.08,2.6,0,0.96,3,0,0,0,0.41,0,1.9,0,0,0,0,2,0,0,0,0,1.2,0,0.36,0,0,0,0.87,0.57,1.04,0,0,0,5,0,3,0,0,0,0,2,9,0,0,0,0.56,2,0,9,0,1.75,0,0,0,0,0,0,0,2,4,0,0,2,0,0,4,1,0.1,0,0,0,6,0,1,0,0,0,1,2,0,0,0,5,0,3,3,1,0,0,0,0,0,0.77,0,0,4,2,0,2,0,1.47,0,7.5,0,0,1,2,1,1,0,0,0.58,0,6,0.92,0,0,0,0,1,0,0,0.4,0,7.35,0,0,0,0,1.9,0,0,1.77,0,0,0,0,1.08,0,0,1,0,0,0,0,0,0,0,0,4.93,5,0,0,0,0,0,0,0
8/9/2014,0,1,0,1,0,0,0,0,0,31,0,0.34,0.29,4.67,0,4,3,0,1.92,0.88,4.69,8,2.07,0,0,3.62,4,6,0,0.8,0.87,0,4.54,0,0,0,0,8,0,0,0,3,2.6,0,1.12,0,0.75,3,0.73,2.14,2.41,1.1,0,0,12,0,6,0,0,0,0,3,23,0,0,0,0,6,2,10,0,4.74,0,1,0,0,0,0,1,3,2,1,0,4,0,0,4,0,0.07,0,0,0,4,0,1,0,0,0,0,0,0.19,0,0,17,0,7,8,0,0,0,0,0,16.79,2.13,0,7.97,6,7,1.85,0,0,0,0,13.15,0,0,2,0,2,1,0,0,0,0,8,6.95,0,0,0,0,2,0,0,14.27,0,17.77,0,0,0,0,0,0,0,0.89,0.54,0,2,0,2.79,1,2,1,0,1,0,0,0,0,0,3,9.82,12,0,0,0,1,0,0,0
8/10/2014,0,1,0,3,0,0,0,0,0,21,0,0,0,2.3,0,0,3,0,1.09,2.62,2.4,4,3.65,1.7,0,2.04,1,1,0,0.26,0,0,0,0,0,0,0,3,0,0,0,2,0.36,0,0,0,0,1,0.53,1.75,0.43,0.74,0,0,9,0,1,0,0,0,0,0,10,0,0,0,0,1,0,8,0,2.56,0,2,0,0,0,0,2,2,1,0,0,1,6,0,2,0,0,0,0,0,6,0,0,0,0,0,1,0,0,0,0,5,0,9,2,3,0,0,0,0,8.99,0.51,0,2.1,3,5,1.25,0,0,0,0,10.56,0,0,7,0,2,1,0,0,0,0,8,7.08,0,0,0,0,1,0,0,14.6,0,16.07,0,0,0,2,1.57,0,0,0,0,0,0,0,0,1,1,4,0,2,0,0,1.66,0,1,0,14.75,9.83,0,0,0,0,0,0,0
8/11/2014,0,1,0,2,0,0.76,0,0,0,17,0,0.32,0,1,0,2,3,0,2.3,2.91,1.93,5,1.25,3,0,1.63,6,6,0,2.58,1.01,0,2.35,0,0,0,0,1,0,0,0,2,1.23,0,0,0,0.63,0,0.57,1.07,3.03,0.65,0,0,14,0,9,2,0,0,0,1,7,0,0,0,0.26,0,0,10,0,2.36,0,6,0,0,2,0,1,3,0,1,0,0,0,0,10,0,0,0,0,0,4,0,1,0,0,0,0,0,0,0,0,15,0,3,17,2,0,0,0,0,15.99,0,0,0,6,3,4.21,2,0,0,0,11.28,0,0,0,0,5,1,0,0,0,0,10,5.27,0,0,0,0,1,0,0,6.57,0,11.19,0,0,0,2,1.97,0,0,2.13,1.17,0,0,0,1.34,0,0,4,0,4,0,1,0,0,0,0,13.87,5.59,0,0,0,0,0,0,0
8/12/2014,0,0,0,1,0,0,0,0,0,7,1,0,0,0,0,0,1,0,1.26,0.69,2.98,2,0,0,0,1.77,8,1,0,2.86,0.43,0,2.36,0,0,1,0,4,0,0,0,6,0,0,0,0,1.93,0,0.77,1.5,2.68,0.4,0,0,7,0,2,0,0,0,0,0,10,0,3.05,0,0.41,0,9,10,0,3.21,0,0,0,0,3,0,0,2,0,0,2,3,0,0,6,2,0,0,0,0,0,0,1,0,0,0,0,0,0,0,0,13,0,2,11,1,0,0,0,0,5.45,0,0,3.93,0,0,0.35,3,0,0,0,6.9,0,0,2,1,5,2,1,0,0,0,0,10.92,0,0,0,0,0,0,0,7.3,0,11.02,0,0,0,4,0,0,0,0.92,0,0,3,0,2.2,1,1,2,0,2,0,2,0,0,0,0,13.75,5.5,0,0,0,0,0,0,0
8/13/2014,0,2,0,0,0,1.27,0,0,0,7,0,0,3.29,4,0,1,0,1,2.35,1.15,4.52,3,2.48,2.58,0,1.71,0,2,0,0.57,0,0,0.68,0,0,2,0,2,0,0,0,0,0,0.48,0,0.75,0,1,0,2.14,0.89,0.8,0,1,8,0,0,0,0,0,0,2,10,0.09,1.08,0,0,0,0,6,0,4.32,0,1,1,0,5,1,0,4,0,0,3,3,1,0,3,0,0,0,0,0,3,0,0,0,0,0,0,0,0,0,0.49,7,0,4,9,0,0,0,0,0,0,0,0,3.56,0,0,2.49,0,0,0,0,9.53,0,0,5,0,4,0,1.5,0,0,0,6,4.02,0,0,0,0,0,0,0.45,2.28,0,6.12,0,0,0,1,0,0,0,0.67,0,0,0,0,0,0,1,5,0,0,0,0,1.3,0,2,1,10.3,4.75,0,0,0,1,0,0,0
8/14/2014,0,10,0,0,0,0,0,0,0,7,0,0,3.61,3.94,0,0,0,1,2.29,0.95,1.42,1,1.02,0,0,4.23,10,0,0,1.37,0.84,0,0,0,0,0,0,2,0,0,0,6,0.76,0.25,0.63,0,0,0,0,2.24,0,0.1,0,0,15,0,14,0,0,0,0,0,5,0,1.09,0,0.56,0,8,11,0,2.96,0,3,0,0,5,0,0,0,1,0,0,16,0,0,6,4,0,0,2.31,0,1,0,0,0,0,0,0,0,0,0,0.25,21,0,10,5,0,0,0,0,0,0,0,0,0,9,7,0.81,0,0,0.79,0,18.18,0,0,0,0,2,2,1,0,0,0,10,2.19,0,0,0,0,1,0,0,3.46,0,12.11,0,1,0,1,1.67,0,0,0,1.62,0,4,0,1.09,0,2,0,0,0,0,3,0,0,0,2,15.39,10.26,0,0,0,0,0,0,0
8/15/2014,0,6,0,2,0,0,0,0,0,17,0,3.76,0.59,2.88,0,0,2,0,2.51,2.1,1.74,0,0.31,1.07,0,1.37,7,0,0.24,0.24,0,0,0.87,1,0,0,0,0,0,0,0,0,0.45,0,0.45,0.25,0,0,0,0,1.18,0.17,0,0,16,1,4,1,0,0,0,2,13,0,0,0,0,0,0,10,0,0.88,0,4,0,0,0,0,0,0,0,0,2,0,0,0,1,0,0,0,2.69,0,8,0,0,0,0,0,0,0,0,0,0.49,3,0,4,13,1,0,0,0,0,0,0,0,3.72,7,2,1.05,1,0,0,0,10.07,0,0,5,0,1,2,1,0,1.21,0,1,2.01,0,0,0,0,1,0,0,9.73,0,6.16,0,0,0,0,0,0,0,0,0,0,0,0,0.14,0,0,2,0,2,0,2,0,0,0,0,15.83,8.54,0,0,0,0,0,0,0
8/16/2014,0,10,0,0,0,1.14,0,0,0,14,0,4.24,1.8,15,0,0,1,0,1.85,0.69,0.66,1,0,2.45,0,2.78,1,2,0,0.41,0.92,0,0,0,0,0,0,3,0,2,0,0,2.06,0,0,0,0,0,0,0,2.65,0.64,0,0,10,1,10,1,0,0,0,0,9,0,0,0,0.57,0,0,21,0,1.66,0,3,0,0,0,0,0,1,4,0,4,3,0,0,7,0,0.07,0,1.08,0,3,0,0,0,0,0,0,0,0,0.38,0,9,1,3,9,2,0,0,0,0,0,0,0,12.22,14,7,4.38,2,0,0,0,16.79,0,0,3,0,4,0,1,0,6.83,0,9,2.98,0,0,0,0,0,0,0,18.61,0,6.77,4,0,0,0,0,0,0,0.75,0,0,0,0,0.53,0,1,3,0,2,0,4,0,0,0,0,19.71,15.6,0,0,0,0,0,0,0
8/17/2014,0,11,0,1,0,0.54,0,0,0,25,0,2.68,0.36,10,0,0,1,0,3.1,1.38,4.73,4,2.48,0,0,2.79,5,3,0,0,0.32,0,0,0,0,2,0,0,0,2,0,1,0.32,0,0.26,0,1.57,0,0.49,2.16,2.38,1.62,0,0,16,0,6,0,3,0,0,1,14,0,0,0,0,0,0,9,0,3.95,0,2,0,0,2,0,0,0,0,0,0,2,0,0,10,0,0.05,0,3.07,0,5,0,0,0,0,0,0,0,0,0.47,0,28,2,7,7,0,0,0,0,0,0,0.32,0,0,6,5,12.77,2,0,0.71,0,7.5,0,0,9,0,4,1,1,0,2.85,0,8,4.62,0,0,0,0,0,0,0,19.61,0,7.25,0,0,0,3,0.64,0,0,0.53,0,0,4,0,1.55,0,0,4,0,1,0,1,1.56,0,0,0,13.96,11.23,0,0,0,0,0,0,0
8/18/2014,0,5,0,0,0,0.73,1,0,0,18,0,1.83,0.97,1,0,0,0,1,2.95,2.57,3.57,1,1.53,0,0,1.75,3,3,0,1,0.48,0,2.99,0,0,7,0,2,0,0,0,0,2.19,0,0,0,0.51,0,0.74,1.63,2.5,0.33,0,1,14,0,15,1,0,0,0,0,17,0,0,0,0.64,7,0,20,0,1.83,0.48,0,0,0,10,0,0,5,0,0,0,6,0,0,5,1,0,0,0,0,4,0,0,0,0,0,0,0,0,2,0,14,0,4,18,1,0,0,0,0,0,0,0,5.1,15,6,4.35,1,0,0,0,21.45,0,0,2,0,2,3,2,0,1.36,0,15,2.54,0,0,0,0,3,0,0,10.55,0,9.66,0,1,0,2,0.65,0.64,0,0.5,2.45,0,0,0,1.77,0,0,3,0,3,0,2,0,0,2,1,19.79,18.93,0,0,0,0,0,0,0
8/19/2014,0,5,0,0,0,0.28,0,0,0,16,0,0,1.52,2,0,0,0,1,1.53,1.99,3.18,2,0.38,0,0,0.69,0,0,0,0,1.61,0,2.92,0,0,4,0,0,0,0,0,3,1.14,0,0,0,2.97,0,0,1.28,0.24,0.66,0,0,16,0,11,0,0,0,0,0,11,0,0,0,0.3,3,1,22,0,2.6,2.46,4,0,0,6,0,0,0,0,0,0,1,0,0,8,0,0,0,0,0,4,0,0,0,0,0,0,0,0,0,0,19,0,6,14,1,0,0,0,0,0,0,0,5.16,11,7,3.8,1,0,0,0,19.59,0,0,1,0,2,2,0,0,1.82,0,7,2.64,0,0,0,0,2,0,0,1.49,0,11.12,0,2,0,1,1.26,0,0,2.18,0,0,1,1,1.14,0,3,1,0,0,0,9,0,0,0,0,8.17,14.69,2,0,0,0,0,0,0
8/20/2014,0,4,0,0,0,0.27,0,0,0,3,0,1.25,2.1,11.97,0,0,1,0,1.59,2.94,4.88,3,0,1.78,0,0.79,6,0,0,0.68,0.37,0,0.49,0,0,1,0,0,0,0,0,0,2.65,0,0,0,0,0,0,2.29,0.92,0.57,0,0,8,0,1,1,0,0,0,1,6,0,0.67,0,0,10,0,13,0,0.89,0,2,0,0,0,0,0,0,0,0,0,2,0,0,2,0,0,0,0.47,0,4,0,0,0,0,0,0,0,0,0,0,4,0,5,14,3,0,0,0,0,0,0,0,7.1,6,2,4.58,1,0,0,0,7.2,0,0,4.01,2,1,1,2,0,0.65,0,9,0.74,0,0,0,0,1,0,0,5.77,0,4.07,0,0,0,5,0.88,0.88,0,1,0,0,2,0,0.81,0,1,1,0,0,0,0,0,0,0,0,4.99,7.87,6,0,0,0,0,0,0
8/21/2014,0,10,0,0,0,0.72,0,0,0,6,0,0.55,2.8,6,0,0,2,0,1.03,2.03,0.92,1,0.94,2.61,0,3.06,5,0,0,0,0.37,0,0.54,0,0,0,0,0,0,5,0,0,0.25,0,0,0,0,1,0.88,0,1.39,0.94,0,0,8,0,3,0,0,0,0,0,9,0,0,0,0,8,1,7,0,4.09,0,1,0,0,1,1,0,0,0,0,0,0,0,0,1,0,0,0,0,0,4,0,0,0,0,0,0,0,0,0,0,5,0,6,0,2,0,0,0,0,0,0,0,3.81,8,2,8.13,1,0,0,0,7.76,0,0,0,0,2,1,0,0,2.11,0,5,1.62,0,0,0,0,0,0,0,5.86,0,6.33,0,0,0,2,0,0,0,0,0.52,0,0,1,0.9,0,0,0,0,3,0,2,0,0,0,0,6.15,5.42,1,0,0,0,0,0,0
8/22/2014,1,2,0,0,0,1.61,0,0,0,1,0,0,1.44,3.14,0,0,1,0,0.26,2.45,3.5,3,0,0,0,1.12,3,0,0,0,0.36,0,1.8,0,0,2,0,0,0,0,0,0,0,0,0,0,1.31,1,0,0.99,1.18,0.47,0,0,4,0,5,0,0,0,0,0,4,0,0.26,0,0.7,6,0,12,0,0.69,0,0,0,0,0,0,0,3,0,0,0,0,0,0,4,1,0,0,0,0,7,0,1,0,0,0,0,0,0,0,0,7,0,3,6,0,0,0,0,0,0,0,0,3.84,6,3,1.63,4,0,1.48,0,10.92,0,0,0,0,2,2,0,0,2.14,0,3,1.24,0,0,0,0,0,0,0,2.91,0,12.48,0,1,0,0,0,0,0,0.55,4.2,0,3,0,0,0,0,0,0,0,0,0,0,0,2,1,7.56,12.78,0,0,0,0,0,0,0
8/23/2014,0,5,1,0,0,2.47,0,0.3,0,8,0,0.7,3.9,8.22,0,1,2,3,3.11,4.02,3.59,6,3.77,0,0,3.24,5,1,0,0.21,1.68,0,0.71,0,0,0,0,1,0,2,0,3,0.6,0,1.57,0,1.3,0,0,3.05,0.99,1.79,0,0,10,0,5,0,0,0,0,0,5,0,0,0.55,0,10,0,9,0,4.65,0.31,1,0,0,2,0,0,0,0,0,0,2,0,2,3,4,0,0,0,0,5,0,0,0,1,0,0,0,0,0,0,14,0,11,4,0,0,0,0,0,0,0,0,8.07,2,5,4.7,3,0,2.25,1.14,8.17,0,0,6,0,4,2,1,0,1.01,0,4,6.81,0,0,0,0,1,0,0,21.59,0,7.75,1,0,0,6,0,0,0,1.34,3.1,0,0,0,1.04,0,0,1,0,0,0,0,0,0,0,0,12.74,9.5,1,0,0,0,0,0,0
8/24/2014,1,1,0,0,0,2.11,0,0,0,0,0,4.07,1.04,10,0,0,5,0,2.02,1.87,4.13,3,0.32,0.64,0,3.83,7,3,0,0.4,0.69,0,1.65,0,0,1,0,6,0,0,0,2,0.47,0,0,0,0.52,0,0.97,3.22,1.59,0.82,0,0,14,0,7,1,0,0,0,0,9,0,0,0,0.01,14,2,9,0,7.18,0,1,0,0,4,2,0,1,1,0,0,6,0,0,1,0,0,0,0,0,5,0,2,0,0,0,0,0,0.36,0,0,14,2,4,8,1,0,0,0,0,0,2.2,0,2.16,4,7,6.44,1,0,0,0,4.21,0,0,9,3,1,3,0,0,1.57,0,9,3.66,0,0,0,0,1,0,0.83,26.02,0,5.9,0,1,0,9,0.96,0,0,0.6,1.51,0,4,0,1.73,0,1,1,0,2,0,0,0,0,2,0,13.41,8.68,0,0,0,0,0,0,0
8/25/2014,0,3,0,0,0,2.53,0,0,0,1,0,4.2,2.66,4,0,0,4,1,2.66,0.77,4.56,2,2.16,0,0,1.23,9,1,0,0.58,0,0,2.76,0,0,1,0,6,0,0,0,1,2.71,0,0.9,0,0,1,0,1.36,1.35,1.19,0,0,3,0,7,0,0,0,0,0,10,1,0,0,0.25,12,1,7,0,3.69,0,5,0,0,0,0,2,4,1,0,0,0,0,0,5,0,0,0,0,0,2,0,0,0,1,0,0,0,0,0,0,13,2,8,10,1,0,0,0,0,0,0,0,1.79,6,1,0,6,1,0,4.35,6.79,0,0,4,0,1,1,0,0,1.06,0,11,3.41,0,0,0,0,3,0,0,5.96,0,6.96,2,0,0,4,0,0.7,0,2.1,0,0,2,0,2.37,0,1,3,0,0,0,1,0,0,0,1,10.37,11.79,0,0,0,0,0,0,0
8/26/2014,0,0,0,0,0,0.55,0,0,0,2,0,3.87,3.1,1,0,2,1,3,1.24,0.42,2.4,2,1.4,1.37,0,1.98,6,0,0,1.39,0,0,0,0,0,2,0,5,0,0,0,0,1.38,0,0.45,0,0.87,0,0,2.12,1.52,0.67,0,0,5,0,0,3,0,0,0,0,9,0,0,0,0,6,2,18,0,3.54,0,4,0,0,0,0,0,4,1,1,0,1,0,0,4,0,0,0,0,0,2,0,1,0,0,0,0,0,0,0.29,0,5,0,8,20,4,0,0,0,0,0,1.02,0,12.08,1,0,2.11,2,0,0,0,11.7,0,0,6,3,3,3,2,0,1.31,0,13,4.47,0,0,0,0,3,0,1.66,3.9,0,16.12,0,0,0,2,0.5,0,0,0.39,0.75,0,5,0,0.85,0,0,2,0,0,1,2,0,0,0,0,6.25,10.57,0,0,0,1,0,0,0.67
8/27/2014,0,0,0,0,0,0.53,0,0,0,0,0,2.01,3.7,5,0,0,3,0,1.48,1.72,2.18,2,0,0.6,0,0.64,6,2,0,0,0.18,0,1.39,0,0,1,0,3,0,0,0,1,1.05,0,1.27,0,0,0,0.42,1.84,1.76,1.14,0,0,4,0,5,0,0,0,0,0,6,0,0,0,1.07,12,2,10,0,4.63,0,2,0,0,2,0,0,2,0,0,0,1,0,0,1,0,0,0,0,0,7,0,0,0,0,0,0,0,0,0,0,4,2,4,12,1,0,0,0,0,0,0,0,11.23,10,0,3.98,1,0,0,1.6,6.03,0,0,5,0,1,0,0,0,4.78,0,0,2.88,0,0,0,0,1,0,0,8.15,0,5.78,0,0,0,0,0,0,0,0,1.35,0,1,0,0,2,1,1,0,3,0,6,0,0,0,1,3.16,4.54,0,0,0,0,0,0,0.58
8/28/2014,0,0,2,2,0,0,0,0,0,0,0,1.67,4.24,6,1,1,2,1,0.96,1.28,4.12,4,0,2.96,0,1.47,11,2,0,1.48,0,0,1.9,0,0.34,2,0,2,0,0,0,1,0.74,0,0.89,0,0.65,1,0.63,1.28,3.55,0.47,0,0,6,0,3,1,0,0,0,0,14,0,0,0,0.46,25,5,15,0,1.97,0,3,0,0,0,0,0,1,0,0,0,0,0,0,3,0,0,0,0,0,2,0,0,0,0,0,0,0,0,0.38,0,11,0,4,3,0,0,0,0,0,0,0.41,0,8.06,8,4,8.06,0,0,0,0,8.71,0,0,6,0,3,1,0,0,1.11,0,0,4.27,0,0,0,0,0,0,0,7.36,7,9.04,0,2,0,1,0,0,0,1.18,0,0,1,0,0.98,0,2,1,0,0,0,1,0,0,0,0,6.73,4.79,0,0,0,0,0,7,0
8/29/2014,0,0,0,1,0,0,0,0,0,1,0,0.51,0.29,4,11,2,1,0,0.65,0,2.04,2,0.71,0.15,0,1.35,8,2,0,0.97,0.56,0,0.57,0,0,3,0,5,0,0,0,1,1.02,0,0.55,0,0,1,0,0.5,0.49,0.45,0,0,12,0,4,0,0,0,0,0,10,0,0,0,0.14,14,0,4,0,1.75,0,0,0,0,7,1,0,1,0,0,4,0,0,0,2,0,0,0,0.6,0,0,0,1,0,0,0,0,0,0,0,0,8,0,7,2,0,0,0,0,0,0,0,0,6.07,4,3,3.64,0,0,3.31,1.37,9.27,0,0,2,0,4,0,0,0,0.16,0,2,5.57,0,0,0,0,0,0,0,17.64,0,4.1,0,0,0,1,0,0.67,0,0,0,0,3,0,0.58,0,0,1,0,0,0,1,0,0,0,0,4.13,2.26,0,0,0,0,0,0,0
8/30/2014,0,6,0,1,0,0.24,0,0,0,0,0,0.51,0,11.36,6,0,1,0,0,0.33,3.86,0,0,0,0,0.08,6,2,0,0.99,0.65,0,1,2,0,3,0,3,0,0,0,4,0.7,0,0,0,1.61,0,0.81,5.36,1.36,1.13,0,0,2,0,13,2,0,0,0,1,7,0,0,0,0,5,1,16,0,2.12,0,0,0,0,0,0,0,0,1,2,2,1,0,0,3,0,0,0,0.77,0,6,0,2,0,0,0,0,0,0.24,0.21,0,8,1,5,2,6,0,0,0,0,0,0,0,13.21,6,0,7.22,0,0.94,0,2.31,17.29,0,1,3,0,5,2,1,0,0,0,5,1.85,1.39,0,0,0,1,0,1.17,18.83,0,18.95,0,0,0,2,0.43,0.91,0,1.2,0,0,6,0,1.96,0,2,1,0,1,0,1,0,0,0,1,12.44,11.54,0,0,0,0,0,2,0
8/31/2014,0,0,0,0,0,0.12,1.23,0,0,1,0,0,0.55,4,8,1,4,1,1.3,0.8,1.65,3,0.91,0.55,0,1.35,5,1,0,0,0,0,1.7,0,0,2,0,1,0,0,0,2,0.76,0,0,0,0.87,2,0,0.83,1.97,0.87,0,0,7,0,9,1,0,0,0,0,9,0,0,0,1.46,4,3,8,1,3.25,0,0,0,0,6,1,0,0,4,0,1,3,1,0,3,0,0,0,0.27,0,3,0,0,0,0,0,0,0,0,0.32,0,2,0,1,1,1,0,0,0,0,0,0.52,0,3.91,10,3,8.9,5,0.99,0,3.27,7.88,0,0,0,0,0,4,0,0,0,0,0,0.1,0,0,0,0,2,0,0,12.4,0,2.55,0,1,0,1,0,0,0,1.49,0,0,4,0,0,0,0,0,0,0,0,1,0,0,1,1,4.87,7.63,0,0,0,0,0,0,0
9/1/2014,0,5,0,1,0,0,0,0,0,0,0,1.45,1.05,5.59,6,0,2,0,0.85,1.97,2.8,4,1,0.53,0,0,0,1,1,0.5,0,0,1.38,0,0,1,0,4,0,0,0,1,1.39,0,0,0,0.55,0,0.16,3.19,3.5,0.45,0,0,12,0,2,0,0,0,0,1,7,0,0,0,0.33,1,0,12,0,1.89,0,7,0,0,3,0,0,1,3,0,1,5,0,0,2,0,0,0,0.33,0,10,0,0,0,0,0,0,0,0,0.4,0,5,0,10,16,0,0,0,0,0,0,0,0,10.41,0,7,0.49,4,0,0,1,10.48,0,0,12,0,1,2,0,0,0,0,5,1.37,0,0,0,0,2,0,0,4.1,0,9.21,1,1,0,0,0.63,0,0,0,0,0,2,0,0.76,0,0,2,0,0,0,1,0,0,1,1,12.35,9.03,0,0,0,0,0,0,0
9/2/2014,0,6,0,2,0,0,0,0,0,0,0,1.23,5.94,3.14,1,0,0,1,0,3.68,1.53,1,0.82,0,0,0,2,0,0,0.9,0.97,0,0,0,0,0,0,3,0,0,0,2,0.68,0,0,0,0,0,0.26,0,1.72,0.54,0,0,7,0,0,0,0,0,0,1,8,0,0,0,0.35,0,0,8,0,2.5,0,2,0,0,4,0,0,0,4,0,0,2,0,0,3,0,0,0,0,0,3,0,0,0,0,0,0,0,0,0,0,4,0,7,1,0,0,0,0,0,0,0,0,10.7,0,2,0.84,2,0,2.9,0.8,7.32,0,0,6,0,1,2,0,0,0,0,8,1.62,0,6.18,0,0,2,0,0,5.07,0,5.4,0,0,0,0,0,0,0,0,0,0,0,0,0,0,1,0,0,0,0,1,0,0,0,0,5.79,11.42,0,0,0,0,0,0,0
9/3/2014,0,0,0,1,0,0,0,0,0,0,0,2.9,2.1,1,0,1,1,2,1.44,1.47,2.35,1,0.99,0,0,0.31,6,1,0,0.69,0.38,0,0,0,0,2,0,2,0,0,0,4,0.94,0,0,0,0,0,0,1.73,1.28,0.16,0,0,3,0,6,2,0,1,0,1,8,0,0,0,0.13,0,0,10,0,2.26,0,1,0,0,2,0,0,1,0,0,0,3,0,0,7,0,0,0,0.61,0,0,0,0,0,0,0,0,0,0,0,0,11,0,5,10,2,0,0,0,0,0,0,0,1.71,8,1,4.56,3,0,0,0,8.21,0,0,3,0,2,0,0,0,0,0,2,0,0,1.34,0,0,2,0,0,7.14,0,4.46,0,0,0,0,1.93,0,0,0.42,0.43,0,0,0,1.33,0,0,0,0,0,0,1,0,0,0,0,10.38,6.32,0,0,0,0,0,4,0
9/4/2014,0,3,0,0,0,0,0,0,0,4,0,2.83,1.34,14,2,0,0,0,1.99,1.36,3.5,4,0.3,0,0,1.33,2,1,0,0,0,0,1.99,0,0,1,0,2,0,0,0,6,2.68,0,0,0,2.45,0,0,1.81,1.55,0.98,0,0,7,0,16,0,0,0,0,0,7,0,0,0,0.43,6,3,9,0,5.27,0,2,0,0,0,0,0,1,1,2,2,9,0,0,8,0,0,0,0,0,2,1,0,0,0,0,0,0,0,0,0,23,0,9,8,0,0,0,0,0,0,0,0,18.19,6,7,0.74,3,0,0,0,8.81,6,0,7,0,2,3,0,0,0,0,7,0,0,0,0,0,5,0,0,10.76,0,7.77,2,0,0,2,0,0,0,1.03,0.37,0,1,0,0,0,1,3,0,1,0,0,0,0,1,1,7.76,17.84,0,0,0,0,0,0,0
9/5/2014,0,10,2,0,0,0,0,0,0,1,0,1.78,1.17,33,0,1,1,0,1.04,1.14,5.07,3,1.33,1.02,0,0.76,4,2,0,0.7,0,0.75,0.81,0,0,1,0,1,0,0,0,20,0,0,0,0,1.47,1,0.31,1.27,2.33,0.3,1,0,4,0,15,0,0,0,0,0,7,0,1.03,0,0.45,1,0,6,0,4.51,0,1,0,0,0,0,2,0,0,0,0,7,0,0,9,0,0,0,1.31,0,2,0,0,0,0,0,0,0,0,0,0,27,0,5,0,1,0,0,0,0,0,0,0,6.98,12,3,1.55,3,1.16,11.23,0,8,0,0,7,0,1,2,0,0,0,0,5,2.87,0,0,0,0,1,0,0.94,25.42,0,3.97,0,0,0,2,0,0,0,0,0.45,0,1,0,1.98,0,0,0,0,2,0,1,0,0,0,1,11.97,7,0,0,0,1,0,0,0
9/6/2014,0,24,0,1,0,0,0,0,0,0,0,3.97,3.35,23.81,6,1,1,1,0.32,1.7,3.61,2,1.74,0,0,1.63,3,0,0,0,0.58,0.74,0.49,0,0,0,0,2,0,0,0,19,2.48,0,0,0.38,0,0,0,1.61,2.44,1.76,0,0,7,0,18,0,0,0,0,0,9,0,0,0,0.25,12,0,9,0,8.39,0,0,0,0,3,0,0,1,0,0,2,3,0,0,4,1,0,0,1.07,0,3,0,3,0,0,0,0,0,0.17,0.55,0,60,0,6,1,2,0,0,0,0,0,0,0,6.61,10,5,4.73,3,0,0,0,7.68,6,0,6,0,1,1,0,0,0,0,5,2.31,0,0,0,0,1,0,0,33.71,0,4.56,2,0,0,8,0,0,0,0,1.72,0,0,0,0,0,2,1,0,1,0,0,0,0,2,1,6.39,9.41,0,0,0,0,0,0,0
9/7/2014,0,22,0,0,0,0,0,0,0,3,0,3.46,3.29,23,9,2,2,0,0,3.55,0.82,1,1.61,0.45,0,0.65,3,2,0,0.6,0.58,1.19,3.38,0,0,0,0,2,0,0,0,19,1.32,0,0,0,1.35,0,0,0.98,2.95,0.57,0,0,8,0,11,5,0,0,0,0,5,0,0,0,0,17,0,9,0,5.25,0,4,0,0,7,0,0,1,6,1,1,7,0,0,13,2,0.6,0.27,6.1,0,2,0,1,0,0,0,0,0,0,0,0,68,0,7,11,2,0,0,0,0,0,0,0,13.97,8,2,5.54,0,0,0.8,0.96,13.88,19.99,0,5,0,0,2,0,0,0,0,0,4.61,0,2.08,0,0,5,0,0,39.23,0,6.2,0,0,0,2,0,0,0,0.29,0,0,3,0,0.8,0,3,2,0,2,0,0,0,0,0,0,13.25,13.41,0,0,0,1,0,0,0
9/8/2014,0,3,0,0,0,0,0,0,0,3,0,3.98,0,19.27,7,0,1,0,0,1.51,2.22,6,0.44,1.1,0,1.89,1,2,0,0,0.3,1.07,0,0,0,0,0,0,0,0,0,3,2.01,0,0,0,2.14,0,0.24,1.89,1.19,0.37,0,0,1,0,4,0,0,0,0,0,10,0,1.06,0,0,6,2,7,0,6.62,0,2,0,0,0,0,1,3,6,0,0,5,0,0,0,0,0,0,1.82,0,1,0,2,0,0,0,0,0,0.23,0,0,8,0,12,5,3,0,0,0,0,0,0,0,1.75,0,2,4.57,0,0,0,0,9.48,11.99,0,3,0,0,1,0,0,0,0,8,1.23,0,0,0,0,0,0,0,9.15,0,8.53,0,0,0,7,1.33,0,0,0.52,0.45,0,2,0,0.33,0,0,1,0,0,0,0,0,0,0,0,11.56,12.82,0,0,0,0,0,0,0
9/9/2014,0,3,0,1,0,0,0,0,0,1,0,0.51,0,8.03,5,2,1,0,1.13,1.63,0.98,3,0.27,2.41,0,0.99,3,1,0,0.48,1.43,0,2.96,0,0,0,0,3,0,0,0,2,1.11,0,0.48,0,0,0,0,0.79,1.3,0.46,0,0.1,4,0,13,0,0,0,0,0,9,0,0.16,0,0.41,2,0,14,0,2.6,0,5,0,0,2,0,0,2,1,0,0,3,0,0,0,0,0,0,0.74,0,2,0,1,0,0,0,0,0,0.4,0,0,12,0,0,20,2,0,0,0,0,0,0,0,9.04,16,7,0,0,0,0.79,0,16.16,4.04,0,0,0,1,1,0,0,0,0,9,0,0,0,0,0,0,0,0,2.64,0,10.96,0,1,0,0,0,0,0,0.22,0,0,1,0,2.12,0,0,0,0,2,0,0,0,0,0,0,8.53,17.29,0,0,0,0,0,0,0
9/10/2014,0,0,0,0,0,0,0,0,0,5,0,0.34,0.5,5.53,3,0,1,0,0.42,0.77,3.6,6,1.44,1.07,0,0.73,7,2,0,0.9,1.67,0,0.69,0,0,1,0,8,0,1,0,2,0.42,0,0,0,0,0,0,0.77,1.75,0,0,0,6,0,10,0,0,0,0,0,9,0,0.38,0,0.35,8,2,7,0,3.54,0,4,0,0,1,0,0,2,0,1,0,3,0,0,4,1,0,0,3.08,0,2,0,0,0,0,0,0,0,0,0,0,5,0,7,17,0,0,0,0,0,0,0,0,5.13,5,3,2.42,2,0,0,0,10.37,6,0,0,0,0,4,0,0,0,0,3,3.07,0,0,0,0,0,0,0,0,0,5.51,0,0,0,0,0,3.7,0,0.87,0,0,2,0,0.78,0,0,0,0,0,0,0,0,0,1,0,14.83,6.51,0,0,0,0,0,0,0
9/11/2014,0,1,0,4,0,0,0,0,0,8,0,1.03,0.11,5.18,0,1,3,0,1.6,1.41,1.81,0,0.41,0.34,0,2.33,3,1,0,0.75,0,0,1.6,0,0,1,0,0,0,0,0,2,1.71,0,0,0,1.14,0,0,0.77,1.88,0.64,0,0,5,0,0,1,0,0,0,0,2,0,0,0,0,9,1,11,0,1.75,0,4,0,0,0,0,0,2,0,3,1,1,0,0,5,0,0,0,0.8,0,1,0,0,0,0,0,0,0,0,0,0,1,0,8,10,0,0,0,0,0,0,0,0,7.05,7,1,4.82,3,0,0,2.55,3.39,6,0,3,0,1,0,0,0,0,0,17,5.51,0,0,0,0,1,0,0,13.24,0,4.35,4,0,0,0,0,0,0,0,0,0,1,0,0.64,0,0,1,0,0,0,1,0,0,1,2,4.55,8.43,0,0,0,0,0,0,0
9/12/2014,0,0,0,1,0,0,0,0,0,7,0,4.03,0.81,1.98,4,1,1,0,0.3,1.06,3.6,2,0.92,0.97,0,0.79,1,0,0,0,0.49,0,1.62,0,0,0,0,2,0,0,0,4,1.81,1,0,0,0,0,0.26,1.97,2.08,0,0,0,4,0,6,0,0,0,0,0,4,0,0,0,0,6,15,4,0,1.73,0,5,0,0,0,0,0,2,2,0,0,3,0,0,5,1,0,0,0,0,1,0,0,0,0,0,0,0,0,0,0,7,0,11,1,0,0,0,0,0,0,0,0,0,11,4,2.95,2,0,0,0,4.11,2,0,1,0,4,0,1,0,0,0,5,3.25,0,0,0,0,0,0,0.01,8.52,0,5.5,1,0,0,3,0,0,0,0,0,0,3,0,0,0,1,0,0,0,0,0,0,0,0,0,9.08,4.9,0,0,0,1,0,0,0
9/13/2014,3,1,0,0,0,0,0,0,0,4,0,1.38,0.24,15.33,6,1,2,2,2.01,0,2.75,6,0,0.47,0,0.58,5,1,0,0,1.26,0,0.6,0,0,1,0,4,0,0,0,3,2.2,0,0,0,1.62,0,0,0,3.44,0,0,0.5,4,0,5,0,2,0,0,1,8,0,0,0,0.51,12,3,10,0,2.89,0,5,0,0,3,0,0,5,0,1,1,2,0,0,1,0,0.24,0,0.38,0,9,0,0,0,0,0,0,0,0,0,0,10,0,4,2,0,0,0,0,0,0,0,0,1.4,9,2,3.14,0,0,0,0,11.75,2.99,0,1,0,1,2,0,0,0,0,7,2.33,0,0,0,0,2,0,0,10.57,0,7.69,1,1,0,1,0,0,0,0.29,0,0,0,0,0.55,0,4,1,0,0,0,0,0,0,1,1,12.87,7.74,0,0,0,0,0,0,0
9/14/2014,1,7,0,3,0,0,0,0,0,0,0,0,8.1,31.46,4,1,3,1,0.2,0,3.31,2,0,0,0,0.79,9,4,0,0.55,0,0,0,0,0,2,0,0,0,0,0,9,0.96,0,0,0,2.04,0,0.86,1.3,0.95,0.11,0,0.22,0,0,5,0,2,0,0,0,13,0,0,0,0.35,7,1,8,0,7.3,0,2,0,0,5,0,0,0,0,0,4,1,0,0,3,0,0,0,0,0,6,0,0,0,0,0,0,0,0,0,0,9,0,11,8,0,0,0,0,0,0,0,0,1.51,9,2,0.79,3,0,1.87,0,6.97,44.17,0,0,0,3,1,0,0,4.46,0,9,8.72,0,0,0,0,0,0,0,22.03,0,12.88,1,0,0,1,0,0,0,0,0,0,0,1,0.5,2,2,0,0,2,0,0,0,0,3,1,24.88,9.17,0,0,0,0,0,0,0
9/15/2014,1,5,0,3,0,0,0,0,0,0,0,0,3.86,5.6,0.9,3,1,0,0,1.47,3.2,3,0,0.38,0,1.18,3,0,0,0,0,0,1.44,0,0,0,0,3,0,0,0,3,0,0,0,0,0,0,0,0,1.53,0,0,0,0,0,9,0,0,0,0,0,6,0,0,0,0.41,7,0,9,0,6.66,0,3,0,0,0,0,0,0,0,0,1,3,0,0,3,1,0,0,0,0,3,0,0,0,0,0,0,0,0.16,0,0,4,0,7,0,0,0,0,0,0,0,0,0,1.16,9,1,2.32,2,0,0,0,5.36,26.29,0,0,0,0,1,0,0,2.63,0,7,0.62,0,0,0,0,3,0,0,7.94,0,8.47,0,0,0,1,1.18,0,0,0.6,0,0,0,0,0,0,0,0,0,1,0,1,0,0,2,1,14.18,5.21,2,0,0,0,0,0,0
9/16/2014,0,1,0,2,0,0.45,0,0,0,1,0,0,0.47,1.68,1.48,1,1,0,1.7,2.13,0.77,4,0,0,0,1.05,3,3,0,0.28,0,0,2.18,0,0,0,0,4,0,0,0,4,0.81,0,0,0,1.28,0,0,1.72,3.22,0,0,0,7,0,8,0,1,0,0,0,8,0,0,0,0.24,3,0,13,1,6.36,0,1,0,0,0,0,0,0,1,0,2,0,0,0,5,0,0,0,0,0,3,0,0,0,0,0,0,0,0,0,0,15,0,9,9,0,0,0,0,0,0,0,0,3.54,11,8,0,6,0,0,0,6.66,28.87,0,0,0,0,0,0,2.33,2.66,0,5,0,0,0,0,0,0,0,0,0.69,0,12.12,0,0,0,1,0,0,0,0,0,0,1,0,1.4,0,0,0,0,0,0,0,0,0,1,0,12.39,7.74,1,0,0,0,0,0,0
9/17/2014,0,3,0,0,0,0,0,0,0,0,0,0.86,0,20.02,1.17,1,0,0,0.7,1.05,3.49,0,0,1.96,0,1.34,5,4,0,0,0.3,0,2.22,0,0,0,0,3,0,0,1,4,1.08,0,0,0,1.81,0,0,1.26,1.22,0,0,0,4,0,4,0,1,0,0,0,3,0,0,0,0,6,0,11,3,1.18,0,1,0,0,0,0,0,1,2,0,2,1,0,0,4,1,0,0,0,0,9,0,0,0,0,0,0,0,0,0,0,12,0,6,2,0,0,0,0,0,0,0,0,12.32,12,4,5.62,0,0,0,0.74,6.29,3.03,0,0,0,3,1,0,0,1.17,0,10,0,0,0,0,0,2,0,0,17.18,0,3.93,2,1,0,2,0,0,0,0.44,0,0,1,0,0,0,0,0,0,1,0,0,0,0,1,2,17.22,6.25,1,0,0,0,0,0,0
9/18/2014,0,5,0,3,0,0,0,0,0,0,0,1.38,0,17,0,1,2,0,0.71,0.74,4.65,5,0.27,0,4,0.51,0,3,0,0.95,0.23,0,2.54,0,0,0,0,3,0,1,0,6,0,0,0,0,0,0,0,2.16,1.26,0,0,0,5,0,11,0,1,0,0,0,8,0,0,0,0,5,0,7,0,5.32,0,5,0,0,0,0,0,1,3,0,4,2,0,0,3,0,0,0,0,0,5,0,0,0,0,0,0,4,0,0,0,9,0,5,0,0,0,0,0,0,0,0,0,1.54,4,3,4.64,5,0,0,0,7.53,2,0,0,0,2,0,0,0,2.95,0,11,1.23,0,0,0,0,1,0,0,7.43,0,8.42,1,1,0,0,0,0,0,0,0,0,0,0,1.93,0,0,0,0,0,0,0,0,0,3,1,3.07,0.47,5,0,0,0,0,0,0
9/19/2014,1,2,0,0,0,0,0,0,0,0,0,4.52,0.32,14.46,0,2,0,0,1.08,0.61,1.44,1,1.63,0,0,0.74,6,5,0,0.84,0.32,0,2.79,0,0,0,0,11,0,0,0,0,0,0,0,0,1.15,0,0,2.36,3.08,0,0,0,3,0,2,0,0,0,0,0,6,0,0,0,0,8,0,11,0,1.93,0,2,0,0,0,0,0,1,0,1,1,2,0,0,3,0,0,0,0,0,8,0,0,0,0,0,0,4,0,0,0,13,0,12,1,0,0,0,0,0,0,0,0,0,9,1,6.66,2,0,0,0,13.14,0,0,0,0,8,1,0,0,1.61,0,10,0,0,0,0,0,2,0,0,12.44,0,9.67,0,1,0,1,0,0,0,1.52,0,0,1,0,0,0,0,0,0,2,0,1,0,0,0,0,8.13,4.06,4,0,0,0,0,0,0
9/20/2014,0,7,0,2,0,0,0,0,0,0,0,2.34,0,44.36,0,4,1,0,1.65,3.02,4.46,12,0,0,0,1.45,3,7,0,0.33,0.65,0,0.49,0,0,0,0,3,0,0,0,3,1.85,0,0,0,2.63,0,0,3.15,2.72,0,0,0,11,0,8,0,0,0,0,0,11,0,0,0,0.59,13,0,14,0,4.14,0,5,0,0,2,0,0,1,1,0,2,4,0,0,9,0,0,0,0,0,4,0,0,0,0,0,0,2,0,0,0,28,0,10,7,0,0,0,0,0,0,0,0,7.4,14,7,7.03,0,0,0,0,20.7,0,0,0,0,3,1,0,0,5.39,0,8,0.58,0,0,0,0,1,0,0,15.26,0,11.82,0,0,0,3,0.36,0,0,0.2,0,0,1,0,3.03,0,0,2,0,4,0,3,0,0,2,3,17.02,8.25,2,0,0,1,0,0,0
9/21/2014,0,4,0,2,0,0,0,0,0,0,0,2.73,0,46.7,0.24,4,0,0,0.36,1.7,5.64,8,0,1.98,0,1.43,8,5,0,0.75,1.43,0,1.09,0,0,0,0,5,0,0,0,11,0.91,0,0,0,0.95,0,0,4.89,3.87,0,0,0,13,0,9,0,1,0,0,1,18,0,0,0,1.18,8,2,10,0,5.42,0,5,0,0,10,0,0,2,0,0,1,1,0,0,6,2,0,0,0,0,7,0,0,0,0,0,0,0,0,0,0,31,0,8,9,0,0,0,0,0,0,0,0,3.56,5,5,2.87,0,0,0,0,26.85,3,0,2,0,3,0,0,0,2.92,0,6,0,0,0,0,0,3,0,0,25.9,0,9.68,1,1,0,8,0.34,0.33,0,2.85,0,0,1,0,0.7,2,4,5,0,1,0,0,0,0,0,2,8.47,15.59,9,0,0,0,0,0,0
9/22/2014,0,3,0,0,0,0,0,0,0,0,0,6.57,0,2.55,0,1,0,0,0.34,0.6,1.2,5,0,0,0,1.97,7,1,0,0,0.43,0,0,0,0.31,0,0,7,0,0,0,7,0.29,0,0,0,1.69,0,0,0.8,2.62,0,0,0,4,0,8,0,0,0,0,0,5,0,0,0,0,2,0,11,0,2.6,0,1,0,0,1,0,0,0,1,0,0,0,0,0,3,0,0,0,0,0,4,0,0,0,0,0,0,0,0,0,0,7,0,5,2,0,0,0,0,0,0,0,0,0,9,0,3.04,7,0,0,0,6.6,0,0,2,0,0,0,0,0,2.83,0,13,1.44,0,0,0,0,2,0,0.18,13.37,0,7.99,2,0,0,3,0,0,0,0,0,0,2,0,0.2,0,0,0,0,1,0,0,0,0,0,1,6.13,5.73,5,0,0,0,0,0,0
9/23/2014,1,3,0,3,0,0,0,0,0,0,0,0,0,23.68,0,0,2,0,0.93,1.55,1.44,5,0.63,0,0,1.93,0,8,0,1.21,0,0,3.77,0,0,0,0.3,8,0,0,0,6,1.34,0,0,0,0,0,0,3.04,0.87,0,0,0,1,0,6,0,0,0,0,0,5,0,0,0,0.35,2,2,1,0,3.28,0,2,0,0,0,0,0,1,2,0,1,0,0,0,7,0,0,0,0,0,10,0,0,0,0,0,1,6,0,0,0,8,0,8,2,0,0,0,0,0,0,0,0,6.11,10,7,3.81,0,0,0,0,12.46,0,0,4,0,0,0,0,0,1.4,0,7,2.42,0,0,0,0,2,0,0,7.51,0,10.21,0,0,0,0,0,0,0,0.9,0,0,1,0,1.25,0,0,0,0,0,0,0,0,0,0,1,7.61,10.03,4,0,0,0,0,0,0
9/24/2014,0,5,0,0,0,0,0,0,0,0,0,0,0,17.54,0,1,4,0,0.87,2.06,2.77,0,-0.63,1.51,0,0.47,6,5,0,0.13,0.2,0,0.45,0,0,0,0,2,0,0,0,2,0.72,0,0,0,0,0,0,0.69,0.44,0,0,0,5,0,6,0,1,0,0,0,4,0,0,0,0,8,1,4,0,1.76,0,0,0,0,0,0,0,0,0,0,1,0,0,0,0,0,0,0,0,0,6,0,0,0,0,0,0,4,0,0,0,9,0,8,7,0,0,0,0,0,0,0,0,3.41,4,2,8.5,3,0,0,0,10.95,0,0,1.03,2,3,0,0,2.37,0.35,0,0,4.21,0,0,0.61,0,1,0,0,4.24,0,7.3,0,0,0,4.93,0,0,0,0.36,0,0,0,0,0.3,0,0,1,0,0,0,1,0,0,1,1,6.91,7.91,5,0,0,0,0,0,0
9/25/2014,0,1,0,0,0,0,0,0,0,0,0,0.17,0,12.32,0,1,1,0,0.36,0.89,2.33,0,0,2.49,0,2.12,0,4,0,0.12,0.29,0,0,0,0,1,0,5,0,0,0,1,3.84,0,0,0,2.15,0,0,0.5,2.38,0,0,0,3,0,4,0,0,0,0,0,6,0,0,0,0,12,6,9,0,3.8,0,4,0,0,0,0,0,3,2,0,0,1,0,0,3,0,0,0,0,0,1,0,0,0,0,0,0,1,0,0,0,7,0,3,7,0,0,0,0,0,0,0,0,3.06,12,3,5.94,5,0,0,0,9.41,0,0,1,0,3,1,0,2.22,1.91,0,0,2.02,0,0,0.6,0,0,0,0,2.46,0,2.02,1,0,0,0,0.59,0,0,0.5,0,0,2,0,0.36,0,0,0,0,0,0,2,0,0,0,0,5.54,1.06,3,0,0,0,0,0,0
9/26/2014,2,4,0,1,0,0,0,0,0,0,0,6,0.52,21.93,0,1,4,0,3.56,3.26,3.32,3,0,0,0,3.17,4,1,0,1.08,0.17,0,0,0,0,1,0,7,0,0,0,0,1.86,0,0,0,0.39,0,0,0,0.23,0,0,0,3,0,3,0,0,0,0,0,10,0,0,0,0.45,7,2,7,0,0.99,0,1,0,0,0,0,0,1,2,0,1,0,0,0,3,1,0,0,0,0,8,0,0,0,0,0,0,3,0,0,0,14,0,8,7,0,0,0,0,0,0,0,0,0,0,1,1.22,0,0,0,0,4.29,1.98,0,2,0,3,0,0,1.64,1.6,0,4,7.71,0,0,0.65,0,1,0,0,12.08,0,2.54,0,2,0,0,0.52,0,0,0.61,0,0,0,0,0.46,0,3,0,0,0,0,1,0,0,0,1,8.09,2.29,10,0,0,0,0,0,0
9/27/2014,0,3,0,0,0,0,0,0,0,0,0,1.05,0,15.17,0,0,1,0,0.44,0.18,2.66,0,0,1.29,0,2.57,4,1,0,1.42,0,0,0,0,0,0,0,3,0,0,0,2,0,0,0,0,0.69,0,0,0.95,1.7,0,0,0,5,0,7,0,0,0,0,0,1,0,0,0,0.63,7,1,12,0,0.52,2,1,0,0,0,0,0,0,0,0,0,0,0,0,3,0,0,0,0,0,3,0,0,0,0,0,0,2,0,0,0,19,0,7,0,0,0,0,0,0,0,0,0,0,5,8,8.84,0,0,0,0,36.56,1.02,0,0,0,0,0,0,2.37,0.35,0,4,3.23,0,0,0.59,4,0,0,0,17.21,0,8.22,1,0,0,0,0,0,0,0,0,0,0,0,0,1,0,0,0,0,0,6,0,0,1,0,12.12,7.44,5,0,0,0,0,0,0
9/28/2014,0,3,0,2,0,0,0,0,0,3,0,2.29,0.4,53.06,0,2,3,0,1.24,2.16,6.91,4,0,2.25,0,2.35,2,6,0,0.35,0,0,1.16,0,0,0,0,3,0,0,0,11,1.51,0,0,0,0.67,0,0,3.55,2.1,0,0,0,6,0,1,0,2,0,0,0,11,0,0,0,1.08,6,4,0,1,6.64,0,1,0,0,0,0,0,1,0,0,3,4,0,0,6,0,0,0,0,0,3,0,0,0,0,0,0,9,0,0,0,9,0,3,0,0,0,0,0,0,0,0,0,11.55,0,0,12.3,4,0,0,0,2.82,0,0,0,0,3,2,0,1.2,3.4,0,0,4.99,0,0,0.5,3,0,0,0,30.71,0,1.28,5,0,0,0,0.59,0,0,0,0,0,0,0,0.63,0,0,1,0,1,0,1,0,0,1,4,10.36,2.49,10,0,0,1,0,0,0
9/29/2014,0,0,0,0,0,0,0,0,5.8,0,0,1.85,0,14.89,0,1,0,0,2.48,3.88,1.24,6,0,0,0,2.63,0,1,0,0,0.61,0,0.74,0,0,0,0,2,0,0,0,3,0.33,0,0,0,1.86,0,0,1.83,1.63,0,0,0,3,0,0,0,0,0,0,0,9,0,0,0,1.68,4,4,0,0,1.83,0,2,0,0,0,0,0,2,0,0,1,2,0,0,2,0,0,0,0,0,0,0,0,0,0,0,0,8,0,0,0,10,0,0,0,0,0,0,0,0,0,0,0,10.48,0,0,0,3,0,0,0,0,0,0,1,0,1,1,0,1.02,4.12,0,0,4.77,0,0,1,0,1,0,0,7.64,0,7.93,1,0,0,1,0,0,0,0,0,0,6,0,0.8,1,0,0,0,0,0,2,0,0,0,0,4.56,8.59,1,2.16,0,0,0,0,0
9/30/2014,0,1,0,0,0,0,0,0,7.76,0,0,2.6,0,19,2.64,0,0,0,0,1,1.74,1,0,0,0,2.87,0,2,0,0.23,0.22,0,2.02,0,0,0,0,0,0,2,0,3,0.67,0,0,0,1.25,0,0,1.72,0.1,0,0,0,2,0,0,0,0,0,0,0,9,0,0,0,0,7,1,10,0,1.85,0,1,0,0,0,0,0,1,1,0,0,2,0,0,2,0,0,0,0,0,2,0,0,0,0,1,0,8,0,0,0,14,0,10,0,0,0,0,0,0,0,0,0,3.79,0,1,7.46,0,0,0,0,8.77,0,0,5,0,1,1,0,0,2.99,0.42,0,1.14,0,0,0,2,0,0,0,17.18,0,8.52,0,1,0,1,0,0,0,0.61,0,0,0,0,0,0,0,0,0,0,0,0,0,0,1,0,9.07,2.65,2,1.72,0,0,0,0,0
