YEAR,WEEK,MICHIGAN
1916,1,-
1916,2,-
1916,3,-
1916,4,-
1916,5,-
1916,6,-
1916,7,-
1916,8,-
1916,9,-
1916,10,-
1916,11,-
1916,12,-
1916,13,-
1916,14,-
1916,15,-
1916,16,-
1916,17,-
1916,18,-
1916,19,-
1916,20,-
1916,21,-
1916,22,-
1916,23,-
1916,24,-
1916,25,-
1916,26,-
1916,27,-
1916,28,-
1916,29,-
1916,30,-
1916,31,-
1916,32,-
1916,33,-
1916,34,-
1916,35,-
1916,36,-
1916,37,-
1916,38,-
1916,39,-
1916,40,-
1916,41,-
1916,42,-
1916,43,-
1916,44,-
1916,45,-
1916,46,-
1916,47,-
1916,48,-
1916,49,-
1916,50,-
1916,51,-
1916,52,-
1917,1,-
1917,2,-
1917,3,-
1917,4,-
1917,5,-
1917,6,-
1917,7,-
1917,8,-
1917,9,-
1917,10,-
1917,11,-
1917,12,-
1917,13,-
1917,14,-
1917,15,-
1917,16,-
1917,17,-
1917,18,-
1917,19,-
1917,20,-
1917,21,-
1917,22,-
1917,23,-
1917,24,-
1917,25,-
1917,26,-
1917,27,-
1917,28,-
1917,29,-
1917,30,-
1917,31,-
1917,32,-
1917,33,-
1917,34,-
1917,35,-
1917,36,-
1917,37,-
1917,38,-
1917,39,-
1917,40,-
1917,41,-
1917,42,-
1917,43,-
1917,44,-
1917,45,-
1917,46,-
1917,47,-
1917,48,-
1917,49,-
1917,50,-
1917,51,-
1917,52,-
1918,1,-
1918,2,-
1918,3,-
1918,4,-
1918,5,-
1918,6,-
1918,7,-
1918,8,-
1918,9,-
1918,10,-
1918,11,-
1918,12,-
1918,13,-
1918,14,-
1918,15,-
1918,16,-
1918,17,-
1918,18,-
1918,19,-
1918,20,-
1918,21,-
1918,22,-
1918,23,-
1918,24,-
1918,25,-
1918,26,-
1918,27,-
1918,28,-
1918,29,-
1918,30,-
1918,31,-
1918,32,-
1918,33,-
1918,34,-
1918,35,-
1918,36,-
1918,37,-
1918,38,-
1918,39,-
1918,40,-
1918,41,-
1918,42,-
1918,43,-
1918,44,-
1918,45,-
1918,46,-
1918,47,-
1918,48,-
1918,49,-
1918,50,-
1918,51,-
1918,52,-
1919,1,-
1919,2,-
1919,3,-
1919,4,-
1919,5,-
1919,6,-
1919,7,-
1919,8,-
1919,9,-
1919,10,-
1919,11,-
1919,12,-
1919,13,-
1919,14,-
1919,15,-
1919,16,-
1919,17,-
1919,18,-
1919,19,-
1919,20,-
1919,21,-
1919,22,-
1919,23,-
1919,24,-
1919,25,-
1919,26,-
1919,27,-
1919,28,-
1919,29,-
1919,30,-
1919,31,-
1919,32,-
1919,33,-
1919,34,-
1919,35,-
1919,36,-
1919,37,-
1919,38,-
1919,39,-
1919,40,-
1919,41,-
1919,42,-
1919,43,-
1919,44,-
1919,45,-
1919,46,-
1919,47,-
1919,48,-
1919,49,-
1919,50,-
1919,51,-
1919,52,-
1920,1,-
1920,2,-
1920,3,-
1920,4,-
1920,5,-
1920,6,-
1920,7,-
1920,8,-
1920,9,-
1920,10,-
1920,11,-
1920,12,-
1920,13,-
1920,14,-
1920,15,-
1920,16,-
1920,17,-
1920,18,-
1920,19,-
1920,20,-
1920,21,-
1920,22,-
1920,23,-
1920,24,-
1920,25,-
1920,26,-
1920,27,-
1920,28,-
1920,29,-
1920,30,-
1920,31,-
1920,32,-
1920,33,-
1920,34,-
1920,35,-
1920,36,-
1920,37,-
1920,38,-
1920,39,-
1920,40,-
1920,41,-
1920,42,-
1920,43,-
1920,44,-
1920,45,-
1920,46,-
1920,47,-
1920,48,-
1920,49,-
1920,50,-
1920,51,-
1920,52,-
1921,1,-
1921,2,-
1921,3,-
1921,4,-
1921,5,-
1921,6,-
1921,7,-
1921,8,-
1921,9,-
1921,10,-
1921,11,-
1921,12,-
1921,13,-
1921,14,-
1921,15,-
1921,16,-
1921,17,-
1921,18,-
1921,19,-
1921,20,-
1921,21,-
1921,22,-
1921,23,-
1921,24,-
1921,25,-
1921,26,-
1921,27,-
1921,28,-
1921,29,-
1921,30,-
1921,31,-
1921,32,-
1921,33,-
1921,34,-
1921,35,-
1921,36,-
1921,37,-
1921,38,-
1921,39,-
1921,40,-
1921,41,-
1921,42,-
1921,43,-
1921,44,-
1921,45,-
1921,46,-
1921,47,-
1921,48,-
1921,49,-
1921,50,-
1921,51,-
1921,52,-
1922,1,-
1922,2,-
1922,3,-
1922,4,-
1922,5,-
1922,6,-
1922,7,-
1922,8,-
1922,9,-
1922,10,-
1922,11,-
1922,12,-
1922,13,-
1922,14,-
1922,15,-
1922,16,-
1922,17,-
1922,18,-
1922,19,-
1922,20,-
1922,21,-
1922,22,-
1922,23,-
1922,24,-
1922,25,-
1922,26,-
1922,27,-
1922,28,-
1922,29,-
1922,30,-
1922,31,-
1922,32,-
1922,33,-
1922,34,-
1922,35,-
1922,36,-
1922,37,-
1922,38,-
1922,39,-
1922,40,-
1922,41,-
1922,42,-
1922,43,-
1922,44,-
1922,45,-
1922,46,-
1922,47,-
1922,48,-
1922,49,-
1922,50,-
1922,51,-
1922,52,-
1923,1,-
1923,2,-
1923,3,-
1923,4,-
1923,5,-
1923,6,-
1923,7,-
1923,8,-
1923,9,-
1923,10,-
1923,11,-
1923,12,-
1923,13,-
1923,14,-
1923,15,-
1923,16,-
1923,17,-
1923,18,-
1923,19,-
1923,20,-
1923,21,-
1923,22,-
1923,23,-
1923,24,-
1923,25,-
1923,26,-
1923,27,-
1923,28,-
1923,29,-
1923,30,-
1923,31,-
1923,32,-
1923,33,-
1923,34,-
1923,35,-
1923,36,-
1923,37,-
1923,38,-
1923,39,-
1923,40,-
1923,41,-
1923,42,-
1923,43,-
1923,44,-
1923,45,-
1923,46,-
1923,47,-
1923,48,-
1923,49,-
1923,50,-
1923,51,-
1923,52,-
1924,1,-
1924,2,-
1924,3,-
1924,4,-
1924,5,-
1924,6,-
1924,7,-
1924,8,-
1924,9,-
1924,10,-
1924,11,-
1924,12,-
1924,13,-
1924,14,-
1924,15,-
1924,16,-
1924,17,-
1924,18,-
1924,19,-
1924,20,-
1924,21,-
1924,22,-
1924,23,-
1924,24,-
1924,25,-
1924,26,-
1924,27,-
1924,28,-
1924,29,-
1924,30,-
1924,31,-
1924,32,-
1924,33,-
1924,34,-
1924,35,-
1924,36,-
1924,37,-
1924,38,-
1924,39,-
1924,40,-
1924,41,-
1924,42,-
1924,43,-
1924,44,-
1924,45,-
1924,46,-
1924,47,-
1924,48,-
1924,49,-
1924,50,-
1924,51,-
1924,52,-
1925,1,-
1925,2,-
1925,3,-
1925,4,-
1925,5,-
1925,6,-
1925,7,-
1925,8,-
1925,9,-
1925,10,-
1925,11,-
1925,12,-
1925,13,-
1925,14,-
1925,15,-
1925,16,-
1925,17,-
1925,18,-
1925,19,-
1925,20,-
1925,21,-
1925,22,-
1925,23,-
1925,24,-
1925,25,-
1925,26,-
1925,27,-
1925,28,-
1925,29,-
1925,30,-
1925,31,-
1925,32,-
1925,33,-
1925,34,-
1925,35,-
1925,36,-
1925,37,-
1925,38,-
1925,39,-
1925,40,-
1925,41,-
1925,42,-
1925,43,-
1925,44,-
1925,45,-
1925,46,-
1925,47,-
1925,48,-
1925,49,-
1925,50,-
1925,51,-
1925,52,-
1926,1,-
1926,2,-
1926,3,-
1926,4,-
1926,5,-
1926,6,-
1926,7,-
1926,8,-
1926,9,-
1926,10,-
1926,11,-
1926,12,-
1926,13,-
1926,14,-
1926,15,-
1926,16,-
1926,17,-
1926,18,-
1926,19,-
1926,20,-
1926,21,-
1926,22,-
1926,23,-
1926,24,-
1926,25,-
1926,26,-
1926,27,-
1926,28,-
1926,29,-
1926,30,-
1926,31,-
1926,32,-
1926,33,-
1926,34,-
1926,35,-
1926,36,-
1926,37,-
1926,38,-
1926,39,-
1926,40,-
1926,41,-
1926,42,-
1926,43,-
1926,44,-
1926,45,-
1926,46,-
1926,47,-
1926,48,-
1926,49,-
1926,50,-
1926,51,-
1926,52,-
1927,1,-
1927,2,-
1927,3,-
1927,4,-
1927,5,-
1927,6,-
1927,7,-
1927,8,-
1927,9,-
1927,10,-
1927,11,-
1927,12,-
1927,13,-
1927,14,-
1927,15,-
1927,16,-
1927,17,-
1927,18,-
1927,19,-
1927,20,-
1927,21,-
1927,22,-
1927,23,-
1927,24,-
1927,25,-
1927,26,-
1927,27,-
1927,28,-
1927,29,-
1927,30,-
1927,31,-
1927,32,-
1927,33,-
1927,34,-
1927,35,-
1927,36,-
1927,37,-
1927,38,-
1927,39,-
1927,40,-
1927,41,-
1927,42,-
1927,43,-
1927,44,-
1927,45,-
1927,46,-
1927,47,-
1927,48,-
1927,49,-
1927,50,-
1927,51,-
1927,52,-
1928,1,-
1928,2,-
1928,3,-
1928,4,-
1928,5,-
1928,6,-
1928,7,-
1928,8,-
1928,9,-
1928,10,-
1928,11,-
1928,12,-
1928,13,-
1928,14,-
1928,15,-
1928,16,-
1928,17,-
1928,18,-
1928,19,-
1928,20,-
1928,21,-
1928,22,-
1928,23,-
1928,24,-
1928,25,-
1928,26,-
1928,27,-
1928,28,-
1928,29,-
1928,30,-
1928,31,-
1928,32,-
1928,33,-
1928,34,-
1928,35,-
1928,36,-
1928,37,-
1928,38,-
1928,39,-
1928,40,-
1928,41,-
1928,42,-
1928,43,-
1928,44,-
1928,45,-
1928,46,-
1928,47,-
1928,48,-
1928,49,-
1928,50,-
1928,51,-
1928,52,-
1929,1,-
1929,2,-
1929,3,-
1929,4,-
1929,5,-
1929,6,-
1929,7,-
1929,8,-
1929,9,-
1929,10,-
1929,11,-
1929,12,-
1929,13,-
1929,14,-
1929,15,-
1929,16,-
1929,17,-
1929,18,-
1929,19,-
1929,20,-
1929,21,-
1929,22,-
1929,23,-
1929,24,-
1929,25,-
1929,26,-
1929,27,-
1929,28,-
1929,29,-
1929,30,-
1929,31,-
1929,32,-
1929,33,-
1929,34,-
1929,35,-
1929,36,-
1929,37,-
1929,38,-
1929,39,-
1929,40,-
1929,41,-
1929,42,-
1929,43,-
1929,44,-
1929,45,-
1929,46,-
1929,47,-
1929,48,-
1929,49,-
1929,50,-
1929,51,-
1929,52,-
1930,1,-
1930,2,-
1930,3,-
1930,4,-
1930,5,-
1930,6,-
1930,7,-
1930,8,-
1930,9,-
1930,10,-
1930,11,-
1930,12,-
1930,13,-
1930,14,-
1930,15,-
1930,16,-
1930,17,-
1930,18,-
1930,19,-
1930,20,-
1930,21,-
1930,22,-
1930,23,-
1930,24,-
1930,25,-
1930,26,-
1930,27,-
1930,28,-
1930,29,-
1930,30,-
1930,31,-
1930,32,-
1930,33,-
1930,34,-
1930,35,-
1930,36,-
1930,37,-
1930,38,-
1930,39,-
1930,40,-
1930,41,-
1930,42,-
1930,43,-
1930,44,-
1930,45,-
1930,46,-
1930,47,-
1930,48,-
1930,49,-
1930,50,-
1930,51,-
1930,52,-
1931,1,-
1931,2,-
1931,3,-
1931,4,-
1931,5,-
1931,6,-
1931,7,-
1931,8,-
1931,9,-
1931,10,-
1931,11,-
1931,12,-
1931,13,-
1931,14,-
1931,15,-
1931,16,-
1931,17,-
1931,18,-
1931,19,-
1931,20,-
1931,21,-
1931,22,-
1931,23,-
1931,24,-
1931,25,-
1931,26,-
1931,27,-
1931,28,-
1931,29,-
1931,30,-
1931,31,-
1931,32,-
1931,33,-
1931,34,-
1931,35,-
1931,36,-
1931,37,-
1931,38,-
1931,39,-
1931,40,-
1931,41,-
1931,42,-
1931,43,-
1931,44,-
1931,45,-
1931,46,-
1931,47,-
1931,48,-
1931,49,-
1931,50,-
1931,51,-
1931,52,-
1932,1,-
1932,2,-
1932,3,-
1932,4,-
1932,5,-
1932,6,-
1932,7,-
1932,8,-
1932,9,-
1932,10,-
1932,11,-
1932,12,-
1932,13,-
1932,14,-
1932,15,-
1932,16,-
1932,17,-
1932,18,-
1932,19,-
1932,20,-
1932,21,-
1932,22,-
1932,23,-
1932,24,-
1932,25,-
1932,26,-
1932,27,-
1932,28,-
1932,29,-
1932,30,-
1932,31,-
1932,32,-
1932,33,-
1932,34,-
1932,35,-
1932,36,-
1932,37,-
1932,38,-
1932,39,-
1932,40,-
1932,41,-
1932,42,-
1932,43,-
1932,44,-
1932,45,-
1932,46,-
1932,47,-
1932,48,-
1932,49,-
1932,50,-
1932,51,-
1932,52,-
1933,1,-
1933,2,-
1933,3,-
1933,4,-
1933,5,-
1933,6,-
1933,7,-
1933,8,-
1933,9,-
1933,10,-
1933,11,-
1933,12,-
1933,13,-
1933,14,-
1933,15,-
1933,16,-
1933,17,-
1933,18,-
1933,19,-
1933,20,-
1933,21,-
1933,22,-
1933,23,-
1933,24,-
1933,25,-
1933,26,-
1933,27,-
1933,28,-
1933,29,-
1933,30,-
1933,31,-
1933,32,-
1933,33,-
1933,34,-
1933,35,-
1933,36,-
1933,37,-
1933,38,-
1933,39,-
1933,40,-
1933,41,-
1933,42,-
1933,43,-
1933,44,-
1933,45,-
1933,46,-
1933,47,-
1933,48,-
1933,49,-
1933,50,-
1933,51,-
1933,52,-
1934,1,-
1934,2,-
1934,3,-
1934,4,-
1934,5,-
1934,6,-
1934,7,-
1934,8,-
1934,9,-
1934,10,-
1934,11,-
1934,12,-
1934,13,-
1934,14,-
1934,15,-
1934,16,-
1934,17,-
1934,18,-
1934,19,-
1934,20,-
1934,21,-
1934,22,-
1934,23,-
1934,24,-
1934,25,-
1934,26,-
1934,27,-
1934,28,-
1934,29,-
1934,30,-
1934,31,-
1934,32,-
1934,33,-
1934,34,-
1934,35,-
1934,36,-
1934,37,-
1934,38,-
1934,39,-
1934,40,-
1934,41,-
1934,42,-
1934,43,-
1934,44,-
1934,45,-
1934,46,-
1934,47,-
1934,48,-
1934,49,-
1934,50,-
1934,51,-
1934,52,-
1935,1,-
1935,2,-
1935,3,-
1935,4,-
1935,5,-
1935,6,-
1935,7,-
1935,8,-
1935,9,-
1935,10,-
1935,11,-
1935,12,-
1935,13,-
1935,14,-
1935,15,-
1935,16,-
1935,17,-
1935,18,-
1935,19,-
1935,20,-
1935,21,-
1935,22,-
1935,23,-
1935,24,-
1935,25,-
1935,26,-
1935,27,-
1935,28,-
1935,29,-
1935,30,-
1935,31,-
1935,32,-
1935,33,-
1935,34,-
1935,35,-
1935,36,-
1935,37,-
1935,38,-
1935,39,-
1935,40,-
1935,41,-
1935,42,-
1935,43,-
1935,44,-
1935,45,-
1935,46,-
1935,47,-
1935,48,-
1935,49,-
1935,50,-
1935,51,-
1935,52,-
1936,1,-
1936,2,-
1936,3,-
1936,4,-
1936,5,-
1936,6,-
1936,7,-
1936,8,-
1936,9,-
1936,10,-
1936,11,-
1936,12,-
1936,13,-
1936,14,-
1936,15,-
1936,16,-
1936,17,-
1936,18,-
1936,19,-
1936,20,-
1936,21,-
1936,22,-
1936,23,-
1936,24,-
1936,25,-
1936,26,-
1936,27,-
1936,28,-
1936,29,-
1936,30,-
1936,31,-
1936,32,-
1936,33,-
1936,34,-
1936,35,-
1936,36,-
1936,37,-
1936,38,-
1936,39,-
1936,40,-
1936,41,-
1936,42,-
1936,43,-
1936,44,-
1936,45,-
1936,46,-
1936,47,-
1936,48,-
1936,49,-
1936,50,-
1936,51,-
1936,52,-
1937,1,-
1937,2,-
1937,3,-
1937,4,-
1937,5,-
1937,6,-
1937,7,-
1937,8,-
1937,9,-
1937,10,-
1937,11,-
1937,12,-
1937,13,-
1937,14,-
1937,15,-
1937,16,-
1937,17,-
1937,18,-
1937,19,-
1937,20,-
1937,21,-
1937,22,-
1937,23,-
1937,24,-
1937,25,-
1937,26,-
1937,27,-
1937,28,-
1937,29,-
1937,30,-
1937,31,-
1937,32,-
1937,33,-
1937,34,-
1937,35,-
1937,36,-
1937,37,-
1937,38,-
1937,39,-
1937,40,-
1937,41,-
1937,42,-
1937,43,-
1937,44,-
1937,45,-
1937,46,-
1937,47,-
1937,48,-
1937,49,-
1937,50,-
1937,51,-
1937,52,-
1938,1,-
1938,2,-
1938,3,-
1938,4,-
1938,5,-
1938,6,-
1938,7,-
1938,8,-
1938,9,-
1938,10,-
1938,11,-
1938,12,-
1938,13,-
1938,14,-
1938,15,-
1938,16,-
1938,17,-
1938,18,-
1938,19,-
1938,20,-
1938,21,-
1938,22,-
1938,23,-
1938,24,-
1938,25,-
1938,26,-
1938,27,-
1938,28,-
1938,29,-
1938,30,-
1938,31,-
1938,32,-
1938,33,-
1938,34,-
1938,35,-
1938,36,-
1938,37,-
1938,38,-
1938,39,-
1938,40,-
1938,41,-
1938,42,-
1938,43,-
1938,44,-
1938,45,-
1938,46,-
1938,47,-
1938,48,-
1938,49,-
1938,50,-
1938,51,-
1938,52,-
1939,1,-
1939,2,-
1939,3,-
1939,4,-
1939,5,-
1939,6,-
1939,7,-
1939,8,-
1939,9,-
1939,10,-
1939,11,-
1939,12,-
1939,13,-
1939,14,-
1939,15,-
1939,16,-
1939,17,-
1939,18,-
1939,19,-
1939,20,-
1939,21,-
1939,22,-
1939,23,-
1939,24,-
1939,25,-
1939,26,-
1939,27,-
1939,28,-
1939,29,-
1939,30,-
1939,31,-
1939,32,-
1939,33,-
1939,34,-
1939,35,-
1939,36,-
1939,37,-
1939,38,-
1939,39,-
1939,40,-
1939,41,-
1939,42,-
1939,43,-
1939,44,-
1939,45,-
1939,46,-
1939,47,-
1939,48,-
1939,49,-
1939,50,-
1939,51,-
1939,52,-
1940,1,-
1940,2,-
1940,3,-
1940,4,-
1940,5,-
1940,6,-
1940,7,-
1940,8,-
1940,9,-
1940,10,-
1940,11,-
1940,12,-
1940,13,-
1940,14,-
1940,15,-
1940,16,-
1940,17,-
1940,18,-
1940,19,-
1940,20,-
1940,21,-
1940,22,-
1940,23,-
1940,24,-
1940,25,-
1940,26,-
1940,27,-
1940,28,-
1940,29,-
1940,30,-
1940,31,-
1940,32,-
1940,33,-
1940,34,-
1940,35,-
1940,36,-
1940,37,-
1940,38,-
1940,39,-
1940,40,-
1940,41,-
1940,42,-
1940,43,-
1940,44,-
1940,45,-
1940,46,-
1940,47,-
1940,48,-
1940,49,-
1940,50,-
1940,51,-
1940,52,-
1941,1,-
1941,2,-
1941,3,-
1941,4,-
1941,5,-
1941,6,-
1941,7,-
1941,8,-
1941,9,-
1941,10,-
1941,11,-
1941,12,-
1941,13,-
1941,14,-
1941,15,-
1941,16,-
1941,17,-
1941,18,-
1941,19,-
1941,20,-
1941,21,-
1941,22,-
1941,23,-
1941,24,-
1941,25,-
1941,26,-
1941,27,-
1941,28,-
1941,29,-
1941,30,-
1941,31,-
1941,32,-
1941,33,-
1941,34,-
1941,35,-
1941,36,-
1941,37,-
1941,38,-
1941,39,-
1941,40,-
1941,41,-
1941,42,-
1941,43,-
1941,44,-
1941,45,-
1941,46,-
1941,47,-
1941,48,-
1941,49,-
1941,50,-
1941,51,-
1941,52,-
1942,1,-
1942,2,-
1942,3,-
1942,4,-
1942,5,-
1942,6,-
1942,7,-
1942,8,-
1942,9,-
1942,10,-
1942,11,-
1942,12,-
1942,13,-
1942,14,-
1942,15,-
1942,16,-
1942,17,-
1942,18,-
1942,19,-
1942,20,-
1942,21,-
1942,22,-
1942,23,-
1942,24,-
1942,25,-
1942,26,-
1942,27,-
1942,28,-
1942,29,-
1942,30,-
1942,31,-
1942,32,-
1942,33,-
1942,34,-
1942,35,-
1942,36,-
1942,37,-
1942,38,-
1942,39,-
1942,40,-
1942,41,-
1942,42,-
1942,43,-
1942,44,-
1942,45,-
1942,46,-
1942,47,-
1942,48,-
1942,49,-
1942,50,-
1942,51,-
1942,52,-
1943,1,-
1943,2,-
1943,3,-
1943,4,-
1943,5,-
1943,6,-
1943,7,-
1943,8,-
1943,9,-
1943,10,-
1943,11,-
1943,12,-
1943,13,-
1943,14,-
1943,15,-
1943,16,-
1943,17,-
1943,18,-
1943,19,-
1943,20,-
1943,21,-
1943,22,-
1943,23,-
1943,24,-
1943,25,-
1943,26,-
1943,27,-
1943,28,-
1943,29,-
1943,30,-
1943,31,-
1943,32,-
1943,33,-
1943,34,-
1943,35,-
1943,36,-
1943,37,-
1943,38,-
1943,39,-
1943,40,-
1943,41,-
1943,42,-
1943,43,-
1943,44,-
1943,45,-
1943,46,-
1943,47,-
1943,48,-
1943,49,-
1943,50,-
1943,51,-
1943,52,-
1944,1,-
1944,2,-
1944,3,-
1944,4,-
1944,5,-
1944,6,-
1944,7,-
1944,8,-
1944,9,-
1944,10,-
1944,11,-
1944,12,-
1944,13,-
1944,14,-
1944,15,-
1944,16,-
1944,17,-
1944,18,-
1944,19,-
1944,20,-
1944,21,-
1944,22,-
1944,23,-
1944,24,-
1944,25,-
1944,26,-
1944,27,-
1944,28,-
1944,29,-
1944,30,-
1944,31,-
1944,32,-
1944,33,-
1944,34,-
1944,35,-
1944,36,-
1944,37,-
1944,38,-
1944,39,-
1944,40,-
1944,41,-
1944,42,-
1944,43,-
1944,44,-
1944,45,-
1944,46,-
1944,47,-
1944,48,-
1944,49,-
1944,50,-
1944,51,-
1944,52,-
1945,1,-
1945,2,-
1945,3,-
1945,4,-
1945,5,-
1945,6,-
1945,7,-
1945,8,-
1945,9,-
1945,10,-
1945,11,-
1945,12,-
1945,13,-
1945,14,-
1945,15,-
1945,16,-
1945,17,-
1945,18,-
1945,19,-
1945,20,-
1945,21,-
1945,22,-
1945,23,-
1945,24,-
1945,25,-
1945,26,-
1945,27,-
1945,28,-
1945,29,-
1945,30,-
1945,31,-
1945,32,-
1945,33,-
1945,34,-
1945,35,-
1945,36,-
1945,37,-
1945,38,-
1945,39,-
1945,40,-
1945,41,-
1945,42,-
1945,43,-
1945,44,-
1945,45,-
1945,46,-
1945,47,-
1945,48,-
1945,49,-
1945,50,-
1945,51,-
1945,52,-
1946,1,-
1946,2,-
1946,3,-
1946,4,-
1946,5,-
1946,6,-
1946,7,-
1946,8,-
1946,9,-
1946,10,-
1946,11,-
1946,12,-
1946,13,-
1946,14,-
1946,15,-
1946,16,-
1946,17,-
1946,18,-
1946,19,-
1946,20,-
1946,21,-
1946,22,-
1946,23,-
1946,24,-
1946,25,-
1946,26,-
1946,27,-
1946,28,-
1946,29,-
1946,30,-
1946,31,-
1946,32,-
1946,33,-
1946,34,-
1946,35,-
1946,36,-
1946,37,-
1946,38,-
1946,39,-
1946,40,-
1946,41,-
1946,42,-
1946,43,-
1946,44,-
1946,45,-
1946,46,-
1946,47,-
1946,48,-
1946,49,-
1946,50,-
1946,51,-
1946,52,-
1947,1,-
1947,2,-
1947,3,-
1947,4,-
1947,5,-
1947,6,-
1947,7,-
1947,8,-
1947,9,-
1947,10,-
1947,11,-
1947,12,-
1947,13,-
1947,14,-
1947,15,-
1947,16,-
1947,17,-
1947,18,-
1947,19,-
1947,20,-
1947,21,-
1947,22,-
1947,23,-
1947,24,-
1947,25,-
1947,26,-
1947,27,-
1947,28,-
1947,29,-
1947,30,-
1947,31,-
1947,32,-
1947,33,-
1947,34,-
1947,35,-
1947,36,-
1947,37,-
1947,38,-
1947,39,-
1947,40,-
1947,41,-
1947,42,-
1947,43,-
1947,44,-
1947,45,-
1947,46,-
1947,47,-
1947,48,-
1947,49,-
1947,50,-
1947,51,-
1947,52,-
1948,1,-
1948,2,-
1948,3,-
1948,4,-
1948,5,-
1948,6,-
1948,7,-
1948,8,-
1948,9,-
1948,10,-
1948,11,-
1948,12,-
1948,13,-
1948,14,-
1948,15,-
1948,16,-
1948,17,-
1948,18,-
1948,19,-
1948,20,-
1948,21,-
1948,22,-
1948,23,-
1948,24,-
1948,25,-
1948,26,-
1948,27,-
1948,28,-
1948,29,-
1948,30,-
1948,31,-
1948,32,-
1948,33,-
1948,34,-
1948,35,-
1948,36,-
1948,37,-
1948,38,-
1948,39,-
1948,40,-
1948,41,-
1948,42,-
1948,43,-
1948,44,-
1948,45,-
1948,46,-
1948,47,-
1948,48,-
1948,49,-
1948,50,-
1948,51,-
1948,52,-
1949,1,-
1949,2,-
1949,3,-
1949,4,-
1949,5,-
1949,6,-
1949,7,-
1949,8,-
1949,9,-
1949,10,-
1949,11,-
1949,12,-
1949,13,-
1949,14,-
1949,15,-
1949,16,-
1949,17,-
1949,18,-
1949,19,-
1949,20,-
1949,21,-
1949,22,-
1949,23,-
1949,24,-
1949,25,-
1949,26,-
1949,27,-
1949,28,-
1949,29,-
1949,30,-
1949,31,-
1949,32,-
1949,33,-
1949,34,-
1949,35,-
1949,36,-
1949,37,-
1949,38,-
1949,39,-
1949,40,-
1949,41,-
1949,42,-
1949,43,-
1949,44,-
1949,45,-
1949,46,-
1949,47,-
1949,48,-
1949,49,-
1949,50,-
1949,51,-
1949,52,-
1950,1,-
1950,2,-
1950,3,-
1950,4,-
1950,5,-
1950,6,-
1950,7,-
1950,8,-
1950,9,-
1950,10,-
1950,11,-
1950,12,-
1950,13,-
1950,14,-
1950,15,-
1950,16,-
1950,17,-
1950,18,-
1950,19,-
1950,20,-
1950,21,-
1950,22,-
1950,23,-
1950,24,-
1950,25,-
1950,26,-
1950,27,-
1950,28,-
1950,29,-
1950,30,-
1950,31,-
1950,32,-
1950,33,-
1950,34,-
1950,35,-
1950,36,-
1950,37,-
1950,38,-
1950,39,-
1950,40,-
1950,41,-
1950,42,-
1950,43,-
1950,44,-
1950,45,-
1950,46,-
1950,47,-
1950,48,-
1950,49,-
1950,50,-
1950,51,-
1950,52,-
1951,1,-
1951,2,-
1951,3,-
1951,4,-
1951,5,-
1951,6,-
1951,7,-
1951,8,-
1951,9,-
1951,10,-
1951,11,-
1951,12,-
1951,13,-
1951,14,-
1951,15,-
1951,16,-
1951,17,-
1951,18,-
1951,19,-
1951,20,-
1951,21,-
1951,22,-
1951,23,-
1951,24,-
1951,25,-
1951,26,-
1951,27,-
1951,28,-
1951,29,-
1951,30,-
1951,31,-
1951,32,-
1951,33,-
1951,34,-
1951,35,-
1951,36,-
1951,37,-
1951,38,-
1951,39,-
1951,40,-
1951,41,-
1951,42,-
1951,43,-
1951,44,-
1951,45,-
1951,46,-
1951,47,-
1951,48,-
1951,49,-
1951,50,-
1951,51,-
1951,52,-
1952,1,-
1952,2,-
1952,3,-
1952,4,-
1952,5,-
1952,6,-
1952,7,-
1952,8,-
1952,9,-
1952,10,-
1952,11,-
1952,12,-
1952,13,-
1952,14,-
1952,15,-
1952,16,-
1952,17,-
1952,18,-
1952,19,-
1952,20,-
1952,21,-
1952,22,-
1952,23,-
1952,24,-
1952,25,-
1952,26,-
1952,27,-
1952,28,-
1952,29,-
1952,30,-
1952,31,-
1952,32,-
1952,33,-
1952,34,-
1952,35,-
1952,36,-
1952,37,-
1952,38,-
1952,39,-
1952,40,-
1952,41,-
1952,42,-
1952,43,-
1952,44,-
1952,45,-
1952,46,-
1952,47,-
1952,48,-
1952,49,-
1952,50,-
1952,51,-
1952,52,-
1953,1,-
1953,2,-
1953,3,-
1953,4,-
1953,5,-
1953,6,-
1953,7,-
1953,8,-
1953,9,-
1953,10,-
1953,11,-
1953,12,-
1953,13,-
1953,14,-
1953,15,-
1953,16,-
1953,17,-
1953,18,-
1953,19,-
1953,20,-
1953,21,-
1953,22,-
1953,23,-
1953,24,-
1953,25,-
1953,26,-
1953,27,-
1953,28,-
1953,29,-
1953,30,-
1953,31,-
1953,32,-
1953,33,-
1953,34,-
1953,35,-
1953,36,-
1953,37,-
1953,38,-
1953,39,-
1953,40,-
1953,41,-
1953,42,-
1953,43,-
1953,44,-
1953,45,-
1953,46,-
1953,47,-
1953,48,-
1953,49,-
1953,50,-
1953,51,-
1953,52,-
1954,1,-
1954,2,-
1954,3,-
1954,4,-
1954,5,-
1954,6,-
1954,7,-
1954,8,-
1954,9,-
1954,10,-
1954,11,-
1954,12,-
1954,13,-
1954,14,-
1954,15,-
1954,16,-
1954,17,-
1954,18,-
1954,19,-
1954,20,-
1954,21,-
1954,22,-
1954,23,-
1954,24,-
1954,25,-
1954,26,-
1954,27,-
1954,28,-
1954,29,-
1954,30,-
1954,31,-
1954,32,-
1954,33,-
1954,34,-
1954,35,-
1954,36,-
1954,37,-
1954,38,-
1954,39,-
1954,40,-
1954,41,-
1954,42,-
1954,43,-
1954,44,-
1954,45,-
1954,46,-
1954,47,-
1954,48,-
1954,49,-
1954,50,-
1954,51,-
1954,52,-
1955,1,-
1955,2,-
1955,3,-
1955,4,-
1955,5,-
1955,6,-
1955,7,-
1955,8,-
1955,9,-
1955,10,-
1955,11,-
1955,12,-
1955,13,-
1955,14,-
1955,15,-
1955,16,-
1955,17,-
1955,18,-
1955,19,-
1955,20,-
1955,21,-
1955,22,-
1955,23,-
1955,24,-
1955,25,-
1955,26,-
1955,27,-
1955,28,-
1955,29,-
1955,30,-
1955,31,-
1955,32,-
1955,33,-
1955,34,-
1955,35,-
1955,36,-
1955,37,-
1955,38,-
1955,39,-
1955,40,-
1955,41,-
1955,42,-
1955,43,-
1955,44,-
1955,45,-
1955,46,-
1955,47,-
1955,48,-
1955,49,-
1955,50,-
1955,51,-
1955,52,-
1956,1,-
1956,2,-
1956,3,-
1956,4,-
1956,5,-
1956,6,-
1956,7,-
1956,8,-
1956,9,-
1956,10,-
1956,11,-
1956,12,-
1956,13,-
1956,14,-
1956,15,-
1956,16,-
1956,17,-
1956,18,-
1956,19,-
1956,20,-
1956,21,-
1956,22,-
1956,23,-
1956,24,-
1956,25,-
1956,26,-
1956,27,-
1956,28,-
1956,29,-
1956,30,-
1956,31,-
1956,32,-
1956,33,-
1956,34,-
1956,35,-
1956,36,-
1956,37,-
1956,38,-
1956,39,-
1956,40,-
1956,41,-
1956,42,-
1956,43,-
1956,44,-
1956,45,-
1956,46,-
1956,47,-
1956,48,-
1956,49,-
1956,50,-
1956,51,-
1956,52,-
1957,1,-
1957,2,-
1957,3,-
1957,4,-
1957,5,-
1957,6,-
1957,7,-
1957,8,-
1957,9,-
1957,10,-
1957,11,-
1957,12,-
1957,13,-
1957,14,-
1957,15,-
1957,16,-
1957,17,-
1957,18,-
1957,19,-
1957,20,-
1957,21,-
1957,22,-
1957,23,-
1957,24,-
1957,25,-
1957,26,-
1957,27,-
1957,28,-
1957,29,-
1957,30,-
1957,31,-
1957,32,-
1957,33,-
1957,34,-
1957,35,-
1957,36,-
1957,37,-
1957,38,-
1957,39,-
1957,40,-
1957,41,-
1957,42,-
1957,43,-
1957,44,-
1957,45,-
1957,46,-
1957,47,-
1957,48,-
1957,49,-
1957,50,-
1957,51,-
1957,52,-
1958,1,-
1958,2,-
1958,3,-
1958,4,-
1958,5,-
1958,6,-
1958,7,-
1958,8,-
1958,9,-
1958,10,-
1958,11,-
1958,12,-
1958,13,-
1958,14,-
1958,15,-
1958,16,-
1958,17,-
1958,18,-
1958,19,-
1958,20,-
1958,21,-
1958,22,-
1958,23,-
1958,24,-
1958,25,-
1958,26,-
1958,27,-
1958,28,-
1958,29,-
1958,30,-
1958,31,-
1958,32,-
1958,33,-
1958,34,-
1958,35,-
1958,36,-
1958,37,-
1958,38,-
1958,39,-
1958,40,-
1958,41,-
1958,42,-
1958,43,-
1958,44,-
1958,45,-
1958,46,-
1958,47,-
1958,48,-
1958,49,-
1958,50,-
1958,51,-
1958,52,-
1959,1,-
1959,2,-
1959,3,-
1959,4,-
1959,5,-
1959,6,-
1959,7,-
1959,8,-
1959,9,-
1959,10,-
1959,11,-
1959,12,-
1959,13,-
1959,14,-
1959,15,-
1959,16,-
1959,17,-
1959,18,-
1959,19,-
1959,20,-
1959,21,-
1959,22,-
1959,23,-
1959,24,-
1959,25,-
1959,26,-
1959,27,-
1959,28,-
1959,29,-
1959,30,-
1959,31,-
1959,32,-
1959,33,-
1959,34,-
1959,35,-
1959,36,-
1959,37,-
1959,38,-
1959,39,-
1959,40,-
1959,41,-
1959,42,-
1959,43,-
1959,44,-
1959,45,-
1959,46,-
1959,47,-
1959,48,-
1959,49,-
1959,50,-
1959,51,-
1959,52,-
1960,1,-
1960,2,-
1960,3,-
1960,4,-
1960,5,-
1960,6,-
1960,7,-
1960,8,-
1960,9,-
1960,10,-
1960,11,-
1960,12,-
1960,13,-
1960,14,-
1960,15,-
1960,16,-
1960,17,-
1960,18,-
1960,19,-
1960,20,-
1960,21,-
1960,22,-
1960,23,-
1960,24,-
1960,25,-
1960,26,-
1960,27,-
1960,28,-
1960,29,-
1960,30,-
1960,31,-
1960,32,-
1960,33,-
1960,34,-
1960,35,-
1960,36,-
1960,37,-
1960,38,-
1960,39,-
1960,40,-
1960,41,-
1960,42,-
1960,43,-
1960,44,-
1960,45,-
1960,46,-
1960,47,-
1960,48,-
1960,49,-
1960,50,-
1960,51,-
1960,52,-
1961,1,-
1961,2,-
1961,3,-
1961,4,-
1961,5,-
1961,6,-
1961,7,-
1961,8,-
1961,9,-
1961,10,-
1961,11,-
1961,12,-
1961,13,-
1961,14,-
1961,15,-
1961,16,-
1961,17,-
1961,18,-
1961,19,-
1961,20,-
1961,21,-
1961,22,-
1961,23,-
1961,24,-
1961,25,-
1961,26,-
1961,27,-
1961,28,-
1961,29,-
1961,30,-
1961,31,-
1961,32,-
1961,33,-
1961,34,-
1961,35,-
1961,36,-
1961,37,-
1961,38,-
1961,39,-
1961,40,-
1961,41,-
1961,42,-
1961,43,-
1961,44,-
1961,45,-
1961,46,-
1961,47,-
1961,48,-
1961,49,-
1961,50,-
1961,51,-
1961,52,-
1962,1,-
1962,2,-
1962,3,-
1962,4,-
1962,5,-
1962,6,-
1962,7,-
1962,8,-
1962,9,-
1962,10,-
1962,11,-
1962,12,-
1962,13,-
1962,14,-
1962,15,-
1962,16,-
1962,17,-
1962,18,-
1962,19,-
1962,20,-
1962,21,-
1962,22,-
1962,23,-
1962,24,-
1962,25,-
1962,26,-
1962,27,-
1962,28,-
1962,29,-
1962,30,-
1962,31,-
1962,32,-
1962,33,-
1962,34,-
1962,35,-
1962,36,-
1962,37,-
1962,38,-
1962,39,-
1962,40,-
1962,41,-
1962,42,-
1962,43,-
1962,44,-
1962,45,-
1962,46,-
1962,47,-
1962,48,-
1962,49,-
1962,50,-
1962,51,-
1962,52,-
1963,1,-
1963,2,-
1963,3,-
1963,4,-
1963,5,-
1963,6,-
1963,7,-
1963,8,-
1963,9,-
1963,10,-
1963,11,-
1963,12,-
1963,13,-
1963,14,-
1963,15,-
1963,16,-
1963,17,-
1963,18,-
1963,19,-
1963,20,-
1963,21,-
1963,22,-
1963,23,-
1963,24,-
1963,25,-
1963,26,-
1963,27,-
1963,28,-
1963,29,-
1963,30,-
1963,31,-
1963,32,-
1963,33,-
1963,34,-
1963,35,-
1963,36,-
1963,37,-
1963,38,-
1963,39,-
1963,40,-
1963,41,-
1963,42,-
1963,43,-
1963,44,-
1963,45,-
1963,46,-
1963,47,-
1963,48,-
1963,49,-
1963,50,-
1963,51,-
1963,52,-
1964,1,-
1964,2,-
1964,3,-
1964,4,-
1964,5,-
1964,6,-
1964,7,-
1964,8,-
1964,9,-
1964,10,-
1964,11,-
1964,12,-
1964,13,-
1964,14,-
1964,15,-
1964,16,-
1964,17,-
1964,18,-
1964,19,-
1964,20,-
1964,21,-
1964,22,-
1964,23,-
1964,24,-
1964,25,-
1964,26,-
1964,27,-
1964,28,-
1964,29,-
1964,30,-
1964,31,-
1964,32,-
1964,33,-
1964,34,-
1964,35,-
1964,36,-
1964,37,-
1964,38,-
1964,39,-
1964,40,-
1964,41,-
1964,42,-
1964,43,-
1964,44,-
1964,45,-
1964,46,-
1964,47,-
1964,48,-
1964,49,-
1964,50,-
1964,51,-
1964,52,-
1965,1,-
1965,2,-
1965,3,-
1965,4,-
1965,5,-
1965,6,-
1965,7,-
1965,8,-
1965,9,-
1965,10,-
1965,11,-
1965,12,-
1965,13,-
1965,14,-
1965,15,-
1965,16,-
1965,17,-
1965,18,-
1965,19,-
1965,20,-
1965,21,-
1965,22,-
1965,23,-
1965,24,-
1965,25,-
1965,26,-
1965,27,-
1965,28,-
1965,29,-
1965,30,-
1965,31,-
1965,32,-
1965,33,-
1965,34,-
1965,35,-
1965,36,-
1965,37,-
1965,38,-
1965,39,-
1965,40,-
1965,41,-
1965,42,-
1965,43,-
1965,44,-
1965,45,-
1965,46,-
1965,47,-
1965,48,-
1965,49,-
1965,50,-
1965,51,-
1965,52,-
1966,1,-
1966,2,-
1966,3,-
1966,4,-
1966,5,-
1966,6,-
1966,7,-
1966,8,-
1966,9,-
1966,10,-
1966,11,-
1966,12,-
1966,13,-
1966,14,-
1966,15,-
1966,16,-
1966,17,-
1966,18,-
1966,19,-
1966,20,-
1966,21,-
1966,22,-
1966,23,-
1966,24,-
1966,25,-
1966,26,-
1966,27,-
1966,28,-
1966,29,-
1966,30,-
1966,31,-
1966,32,-
1966,33,-
1966,34,-
1966,35,-
1966,36,-
1966,37,-
1966,38,-
1966,39,-
1966,40,-
1966,41,-
1966,42,-
1966,43,-
1966,44,-
1966,45,-
1966,46,-
1966,47,-
1966,48,-
1966,49,-
1966,50,-
1966,51,-
1966,52,-
1967,1,-
1967,2,-
1967,3,-
1967,4,-
1967,5,-
1967,6,-
1967,7,-
1967,8,-
1967,9,-
1967,10,-
1967,11,-
1967,12,-
1967,13,-
1967,14,-
1967,15,-
1967,16,-
1967,17,-
1967,18,-
1967,19,-
1967,20,-
1967,21,-
1967,22,-
1967,23,-
1967,24,-
1967,25,-
1967,26,-
1967,27,-
1967,28,-
1967,29,-
1967,30,-
1967,31,-
1967,32,-
1967,33,-
1967,34,-
1967,35,-
1967,36,-
1967,37,-
1967,38,-
1967,39,-
1967,40,-
1967,41,-
1967,42,-
1967,43,-
1967,44,-
1967,45,-
1967,46,-
1967,47,-
1967,48,-
1967,49,-
1967,50,-
1967,51,-
1967,52,-
1968,1,176
1968,2,693
1968,3,610
1968,4,375
1968,5,496
1968,6,689
1968,7,424
1968,8,673
1968,9,772
1968,10,553
1968,11,547
1968,12,715
1968,13,514
1968,14,598
1968,15,683
1968,16,464
1968,17,334
1968,18,508
1968,19,706
1968,20,404
1968,21,443
1968,22,371
1968,23,303
1968,24,343
1968,25,-
1968,26,118
1968,27,49
1968,28,49
1968,29,25
1968,30,32
1968,31,39
1968,32,20
1968,33,49
1968,34,24
1968,35,15
1968,36,13
1968,37,35
1968,38,30
1968,39,55
1968,40,33
1968,41,44
1968,42,51
1968,43,71
1968,44,95
1968,45,126
1968,46,163
1968,47,195
1968,48,77
1968,49,85
1968,50,200
1968,51,153
1968,52,74
1969,1,37
1969,2,94
1969,3,94
1969,4,77
1969,5,98
1969,6,161
1969,7,125
1969,8,188
1969,9,138
1969,10,171
1969,11,-
1969,12,134
1969,13,184
1969,14,237
1969,15,206
1969,16,114
1969,17,119
1969,18,172
1969,19,241
1969,20,120
1969,21,151
1969,22,107
1969,23,116
1969,24,174
1969,25,114
1969,26,93
1969,27,32
1969,28,58
1969,29,40
1969,30,19
1969,31,28
1969,32,40
1969,33,38
1969,34,21
1969,35,28
1969,36,21
1969,37,12
1969,38,17
1969,39,30
1969,40,20
1969,41,65
1969,42,51
1969,43,50
1969,44,72
1969,45,95
1969,46,87
1969,47,193
1969,48,81
1969,49,116
1969,50,117
1969,51,137
1969,52,87
1970,1,87
1970,2,159
1970,3,121
1970,4,135
1970,5,151
1970,6,191
1970,7,135
1970,8,160
1970,9,181
1970,10,212
1970,11,172
1970,12,158
1970,13,164
1970,14,165
1970,15,163
1970,16,263
1970,17,177
1970,18,187
1970,19,232
1970,20,198
1970,21,115
1970,22,187
1970,23,354
1970,24,240
1970,25,146
1970,26,54
1970,27,114
1970,28,42
1970,29,51
1970,30,39
1970,31,22
1970,32,75
1970,33,27
1970,34,28
1970,35,19
1970,36,41
1970,37,5
1970,38,34
1970,39,45
1970,40,48
1970,41,101
1970,42,95
1970,43,154
1970,44,-
1970,45,221
1970,46,268
1970,47,305
1970,48,290
1970,49,402
1970,50,135
1970,51,389
1970,52,215
1971,1,110
1971,2,408
1971,3,313
1971,4,259
1971,5,284
1971,6,486
1971,7,371
1971,8,-
1971,9,578
1971,10,454
1971,11,324
1971,12,606
1971,13,495
1971,14,439
1971,15,44
1971,16,224
1971,17,373
1971,18,262
1971,19,391
1971,20,526
1971,21,316
1971,22,343
1971,23,362
1971,24,377
1971,25,135
1971,26,133
1971,27,33
1971,28,35
1971,29,64
1971,30,28
1971,31,22
1971,32,35
1971,33,16
1971,34,16
1971,35,15
1971,36,37
1971,37,26
1971,38,39
1971,39,24
1971,40,35
1971,41,48
1971,42,56
1971,43,38
1971,44,109
1971,45,100
1971,46,97
1971,47,69
1971,48,96
1971,49,167
1971,50,148
1971,51,127
1971,52,86
1972,1,12
1972,2,-
1972,3,111
1972,4,98
1972,5,75
1972,6,109
1972,7,77
1972,8,88
1972,9,133
1972,10,102
1972,11,177
1972,12,88
1972,13,108
1972,14,88
1972,15,97
1972,16,86
1972,17,154
1972,18,138
1972,19,115
1972,20,74
1972,21,68
1972,22,102
1972,23,99
1972,24,66
1972,25,44
1972,26,55
1972,27,16
1972,28,11
1972,29,64
1972,30,42
1972,31,6
1972,32,35
1972,33,4
1972,34,-
1972,35,14
1972,36,5
1972,37,16
1972,38,11
1972,39,15
1972,40,18
1972,41,44
1972,42,33
1972,43,51
1972,44,47
1972,45,65
1972,46,94
1972,47,56
1972,48,110
1972,49,132
1972,50,76
1972,51,188
1972,52,75
1973,1,71
1973,2,45
1973,3,385
1973,4,125
1973,5,144
1973,6,120
1973,7,118
1973,8,96
1973,9,157
1973,10,125
1973,11,107
1973,12,128
1973,13,190
1973,14,125
1973,15,227
1973,16,193
1973,17,248
1973,18,132
1973,19,187
1973,20,174
1973,21,166
1973,22,55
1973,23,154
1973,24,118
1973,25,91
1973,26,70
1973,27,21
1973,28,27
1973,29,23
1973,30,13
1973,31,19
1973,32,18
1973,33,11
1973,34,3
1973,35,7
1973,36,8
1973,37,20
1973,38,-
1973,39,19
1973,40,24
1973,41,23
1973,42,62
1973,43,46
1973,44,62
1973,45,109
1973,46,74
1973,47,132
1973,48,91
1973,49,109
1973,50,51
1973,51,160
1973,52,147
1974,1,47
1974,2,287
1974,3,155
1974,4,208
1974,5,223
1974,6,264
1974,7,159
1974,8,178
1974,9,287
1974,10,266
1974,11,191
1974,12,216
1974,13,183
1974,14,223
1974,15,193
1974,16,200
1974,17,176
1974,18,145
1974,19,191
1974,20,172
1974,21,142
1974,22,165
1974,23,-
1974,24,235
1974,25,233
1974,26,205
1974,27,78
1974,28,37
1974,29,21
1974,30,23
1974,31,15
1974,32,7
1974,33,42
1974,34,20
1974,35,4
1974,36,9
1974,37,13
1974,38,-
1974,39,25
1974,40,50
1974,41,55
1974,42,36
1974,43,104
1974,44,57
1974,45,108
1974,46,123
1974,47,161
1974,48,119
1974,49,348
1974,50,342
1974,51,160
1974,52,106
1975,1,253
1975,2,82
1975,3,278
1975,4,272
1975,5,380
1975,6,424
1975,7,337
1975,8,280
1975,9,306
1975,10,269
1975,11,585
1975,12,343
1975,13,233
1975,14,415
1975,15,183
1975,16,502
1975,17,327
1975,18,320
1975,19,243
1975,20,304
1975,21,295
1975,22,297
1975,23,153
1975,24,291
1975,25,237
1975,26,161
1975,27,50
1975,28,54
1975,29,8
1975,30,19
1975,31,17
1975,32,20
1975,33,7
1975,34,24
1975,35,23
1975,36,8
1975,37,45
1975,38,13
1975,39,28
1975,40,38
1975,41,26
1975,42,83
1975,43,72
1975,44,102
1975,45,78
1975,46,174
1975,47,166
1975,48,138
1975,49,204
1975,50,137
1975,51,229
1975,52,334
1976,1,44
1976,2,78
1976,3,284
1976,4,191
1976,5,220
1976,6,221
1976,7,159
1976,8,189
1976,9,347
1976,10,340
1976,11,183
1976,12,217
1976,13,280
1976,14,309
1976,15,218
1976,16,188
1976,17,240
1976,18,98
1976,19,129
1976,20,116
1976,21,116
1976,22,183
1976,23,125
1976,24,95
1976,25,91
1976,26,62
1976,27,29
1976,28,22
1976,29,11
1976,30,6
1976,31,15
1976,32,7
1976,33,5
1976,34,7
1976,35,3
1976,36,0
1976,37,6
1976,38,6
1976,39,5
1976,40,11
1976,41,22
1976,42,21
1976,43,44
1976,44,63
1976,45,25
1976,46,100
1976,47,24
1976,48,79
1976,49,25
1976,50,134
1976,51,52
1976,52,62
1977,1,-
1977,2,21
1977,3,45
1977,4,81
1977,5,102
1977,6,88
1977,7,44
1977,8,70
1977,9,74
1977,10,88
1977,11,88
1977,12,68
1977,13,72
1977,14,116
1977,15,67
1977,16,65
1977,17,29
1977,18,83
1977,19,74
1977,20,55
1977,21,51
1977,22,42
1977,23,67
1977,24,73
1977,25,73
1977,26,79
1977,27,9
1977,28,4
1977,29,6
1977,30,14
1977,31,2
1977,32,2
1977,33,2
1977,34,1
1977,35,14
1977,36,3
1977,37,1
1977,38,1
1977,39,25
1977,40,27
1977,41,10
1977,42,39
1977,43,43
1977,44,34
1977,45,22
1977,46,61
1977,47,49
1977,48,56
1977,49,30
1977,50,39
1977,51,63
1977,52,32
1978,1,9
1978,2,39
1978,3,49
1978,4,71
1978,5,52
1978,6,44
1978,7,48
1978,8,71
1978,9,24
1978,10,53
1978,11,33
1978,12,88
1978,13,23
1978,14,60
1978,15,44
1978,16,38
1978,17,56
1978,18,17
1978,19,29
1978,20,75
1978,21,102
1978,22,58
1978,23,52
1978,24,31
1978,25,40
1978,26,32
1978,27,63
1978,28,12
1978,29,7
1978,30,11
1978,31,5
1978,32,1
1978,33,4
1978,34,3
1978,35,3
1978,36,1
1978,37,4
1978,38,4
1978,39,15
1978,40,14
1978,41,9
1978,42,23
1978,43,14
1978,44,16
1978,45,24
1978,46,5
1978,47,11
1978,48,36
1978,49,32
1978,50,24
1978,51,26
1978,52,23
1979,1,6
1979,2,7
1979,3,17
1979,4,26
1979,5,53
1979,6,14
1979,7,14
1979,8,28
1979,9,23
1979,10,39
1979,11,51
1979,12,112
1979,13,16
1979,14,69
1979,15,37
1979,16,66
1979,17,46
1979,18,11
1979,19,19
1979,20,70
1979,21,37
1979,22,39
1979,23,19
1979,24,13
1979,25,27
1979,26,6
1979,27,8
1979,28,6
1979,29,1
1979,30,0
1979,31,3
1979,32,5
1979,33,1
1979,34,3
1979,35,0
1979,36,0
1979,37,1
1979,38,1
1979,39,4
1979,40,4
1979,41,8
1979,42,11
1979,43,16
1979,44,7
1979,45,13
1979,46,5
1979,47,19
1979,48,12
1979,49,15
1979,50,28
1979,51,29
1979,52,11
1980,1,9
1980,2,43
1980,3,10
1980,4,27
1980,5,12
1980,6,35
1980,7,21
1980,8,6
1980,9,28
1980,10,105
1980,11,27
1980,12,36
1980,13,29
1980,14,111
1980,15,29
1980,16,16
1980,17,46
1980,18,23
1980,19,21
1980,20,16
1980,21,23
1980,22,11
1980,23,30
1980,24,34
1980,25,4
1980,26,10
1980,27,1
1980,28,22
1980,29,1
1980,30,3
1980,31,1
1980,32,2
1980,33,1
1980,34,1
1980,35,0
1980,36,0
1980,37,3
1980,38,4
1980,39,5
1980,40,11
1980,41,15
1980,42,5
1980,43,16
1980,44,7
1980,45,14
1980,46,9
1980,47,21
1980,48,21
1980,49,24
1980,50,20
1980,51,28
1980,52,-
1981,1,4
1981,2,11
1981,3,10
1981,4,14
1981,5,13
1981,6,15
1981,7,12
1981,8,16
1981,9,12
1981,10,18
1981,11,23
1981,12,14
1981,13,5
1981,14,11
1981,15,16
1981,16,8
1981,17,14
1981,18,12
1981,19,10
1981,20,8
1981,21,8
1981,22,12
1981,23,8
1981,24,13
1981,25,-
1981,26,1
1981,27,3
1981,28,2
1981,29,1
1981,30,2
1981,31,0
1981,32,0
1981,33,0
1981,34,1
1981,35,1
1981,36,0
1981,37,0
1981,38,-
1981,39,4
1981,40,1
1981,41,12
1981,42,8
1981,43,7
1981,44,9
1981,45,4
1981,46,0
1981,47,8
1981,48,9
1981,49,10
1981,50,14
1981,51,-
1981,52,10
1982,1,5
1982,2,10
1982,3,5
1982,4,16
1982,5,8
1982,6,4
1982,7,4
1982,8,10
1982,9,9
1982,10,30
1982,11,16
1982,12,19
1982,13,11
1982,14,34
1982,15,10
1982,16,3
1982,17,5
1982,18,15
1982,19,16
1982,20,8
1982,21,9
1982,22,5
1982,23,13
1982,24,2
1982,25,8
1982,26,4
1982,27,1
1982,28,5
1982,29,2
1982,30,3
1982,31,4
1982,32,0
1982,33,0
1982,34,0
1982,35,0
1982,36,2
1982,37,0
1982,38,2
1982,39,5
1982,40,5
1982,41,6
1982,42,9
1982,43,7
1982,44,8
1982,45,12
1982,46,11
1982,47,10
1982,48,5
1982,49,6
1982,50,9
1982,51,10
1982,52,0
1983,1,-
1983,2,9
1983,3,8
1983,4,11
1983,5,16
1983,6,7
1983,7,8
1983,8,12
1983,9,13
1983,10,9
1983,11,0
1983,12,12
1983,13,15
1983,14,8
1983,15,9
1983,16,1
1983,17,14
1983,18,62
1983,19,32
1983,20,13
1983,21,3
1983,22,8
1983,23,14
1983,24,5
1983,25,9
1983,26,4
1983,27,9
1983,28,3
1983,29,80
1983,30,1
1983,31,0
1983,32,0
1983,33,2
1983,34,0
1983,35,1
1983,36,0
1983,37,2
1983,38,2
1983,39,5
1983,40,4
1983,41,7
1983,42,5
1983,43,5
1983,44,10
1983,45,13
1983,46,3
1983,47,-
1983,48,12
1983,49,7
1983,50,4
1983,51,12
1983,52,9
1984,1,7
1984,2,2
1984,3,1
1984,4,9
1984,5,3
1984,6,8
1984,7,6
1984,8,16
1984,9,14
1984,10,8
1984,11,14
1984,12,2
1984,13,11
1984,14,4
1984,15,1
1984,16,7
1984,17,8
1984,18,5
1984,19,1
1984,20,7
1984,21,6
1984,22,4
1984,23,5
1984,24,2
1984,25,0
1984,26,1
1984,27,0
1984,28,0
1984,29,1
1984,30,1
1984,31,1
1984,32,0
1984,33,1
1984,34,1
1984,35,0
1984,36,0
1984,37,3
1984,38,1
1984,39,0
1984,40,2
1984,41,4
1984,42,4
1984,43,3
1984,44,2
1984,45,6
1984,46,3
1984,47,0
1984,48,2
1984,49,2
1984,50,7
1984,51,3
1984,52,7
1985,1,2
1985,2,1
1985,3,1
1985,4,4
1985,5,5
1985,6,5
1985,7,41
1985,8,63
1985,9,16
1985,10,24
1985,11,19
1985,12,3
1985,13,16
1985,14,9
1985,15,15
1985,16,2
1985,17,16
1985,18,8
1985,19,1
1985,20,0
1985,21,7
1985,22,2
1985,23,9
1985,24,5
1985,25,2
1985,26,4
1985,27,2
1985,28,2
1985,29,1
1985,30,1
1985,31,1
1985,32,0
1985,33,1
1985,34,3
1985,35,2
1985,36,1
1985,37,0
1985,38,-
1985,39,-
1985,40,3
1985,41,6
1985,42,2
1985,43,5
1985,44,2
1985,45,2
1985,46,0
1985,47,0
1985,48,3
1985,49,3
1985,50,8
1985,51,0
1985,52,6
1986,1,-
1986,2,3
1986,3,3
1986,4,8
1986,5,6
1986,6,4
1986,7,3
1986,8,2
1986,9,1
1986,10,2
1986,11,5
1986,12,1
1986,13,11
1986,14,11
1986,15,4
1986,16,10
1986,17,16
1986,18,10
1986,19,13
1986,20,14
1986,21,0
1986,22,9
1986,23,7
1986,24,31
1986,25,13
1986,26,0
1986,27,20
1986,28,11
1986,29,2
1986,30,6
1986,31,0
1986,32,7
1986,33,3
1986,34,0
1986,35,1
1986,36,2
1986,37,2
1986,38,3
1986,39,11
1986,40,2
1986,41,6
1986,42,0
1986,43,12
1986,44,21
1986,45,9
1986,46,13
1986,47,8
1986,48,1
1986,49,52
1986,50,45
1986,51,-
1986,52,26
1987,1,7
1987,2,38
1987,3,11
1987,4,32
1987,5,24
1987,6,32
1987,7,55
1987,8,70
1987,9,10
1987,10,67
1987,11,9
1987,12,13
1987,13,12
1987,14,50
1987,15,19
1987,16,8
1987,17,24
1987,18,51
1987,19,38
1987,20,16
1987,21,5
1987,22,104
1987,23,15
1987,24,61
1987,25,5
1987,26,29
1987,27,5
1987,28,7
1987,29,30
1987,30,2
1987,31,4
1987,32,1
1987,33,7
1987,34,22
1987,35,1
1987,36,7
1987,37,2
1987,38,13
1987,39,12
1987,40,11
1987,41,12
1987,42,13
1987,43,15
1987,44,24
1987,45,23
1987,46,19
1987,47,11
1987,48,23
1987,49,19
1987,50,21
1987,51,14
1987,52,1
1988,1,11
1988,2,12
1988,3,9
1988,4,5
1988,5,7
1988,6,11
1988,7,6
1988,8,16
1988,9,3
1988,10,5
1988,11,6
1988,12,8
1988,13,16
1988,14,6
1988,15,3
1988,16,0
1988,17,7
1988,18,4
1988,19,6
1988,20,8
1988,21,4
1988,22,0
1988,23,2
1988,24,9
1988,25,4
1988,26,1
1988,27,0
1988,28,3
1988,29,3
1988,30,0
1988,31,0
1988,32,0
1988,33,1
1988,34,0
1988,35,0
1988,36,1
1988,37,2
1988,38,0
1988,39,6
1988,40,3
1988,41,1
1988,42,3
1988,43,12
1988,44,4
1988,45,0
1988,46,4
1988,47,5
1988,48,4
1988,49,5
1988,50,1
1988,51,3
1988,52,1
1989,1,-
1989,2,6
1989,3,7
1989,4,4
1989,5,3
1989,6,4
1989,7,6
1989,8,4
1989,9,0
1989,10,3
1989,11,1
1989,12,6
1989,13,3
1989,14,3
1989,15,6
1989,16,3
1989,17,7
1989,18,2
1989,19,2
1989,20,6
1989,21,6
1989,22,2
1989,23,5
1989,24,6
1989,25,3
1989,26,4
1989,27,2
1989,28,1
1989,29,2
1989,30,1
1989,31,1
1989,32,0
1989,33,0
1989,34,0
1989,35,0
1989,36,1
1989,37,2
1989,38,1
1989,39,2
1989,40,1
1989,41,2
1989,42,2
1989,43,4
1989,44,6
1989,45,7
1989,46,5
1989,47,5
1989,48,4
1989,49,6
1989,50,4
1989,51,3
1989,52,0
1990,1,3
1990,2,3
1990,3,2
1990,4,7
1990,5,5
1990,6,0
1990,7,1
1990,8,5
1990,9,2
1990,10,1
1990,11,11
1990,12,9
1990,13,6
1990,14,3
1990,15,2
1990,16,2
1990,17,4
1990,18,8
1990,19,6
1990,20,-
1990,21,5
1990,22,4
1990,23,5
1990,24,5
1990,25,5
1990,26,0
1990,27,0
1990,28,4
1990,29,5
1990,30,1
1990,31,2
1990,32,0
1990,33,2
1990,34,1
1990,35,1
1990,36,1
1990,37,0
1990,38,4
1990,39,0
1990,40,3
1990,41,-
1990,42,2
1990,43,3
1990,44,0
1990,45,3
1990,46,4
1990,47,6
1990,48,5
1990,49,3
1990,50,1
1990,51,5
1990,52,0
1991,1,-
1991,2,6
1991,3,2
1991,4,1
1991,5,1
1991,6,3
1991,7,3
1991,8,0
1991,9,0
1991,10,2
1991,11,3
1991,12,5
1991,13,-
1991,14,3
1991,15,1
1991,16,7
1991,17,4
1991,18,1
1991,19,2
1991,20,5
1991,21,0
1991,22,5
1991,23,4
1991,24,3
1991,25,2
1991,26,1
1991,27,1
1991,28,2
1991,29,1
1991,30,0
1991,31,1
1991,32,0
1991,33,0
1991,34,2
1991,35,0
1991,36,0
1991,37,2
1991,38,1
1991,39,0
1991,40,3
1991,41,1
1991,42,2
1991,43,5
1991,44,1
1991,45,0
1991,46,4
1991,47,1
1991,48,0
1991,49,2
1991,50,3
1991,51,-
1991,52,2
1992,1,-
1992,2,2
1992,3,0
1992,4,0
1992,5,3
1992,6,3
1992,7,5
1992,8,1
1992,9,-
1992,10,-
1992,11,1
1992,12,2
1992,13,7
1992,14,2
1992,15,1
1992,16,0
1992,17,1
1992,18,4
1992,19,-
1992,20,3
1992,21,2
1992,22,4
1992,23,2
1992,24,3
1992,25,3
1992,26,1
1992,27,1
1992,28,1
1992,29,0
1992,30,0
1992,31,1
1992,32,0
1992,33,0
1992,34,0
1992,35,3
1992,36,0
1992,37,0
1992,38,1
1992,39,2
1992,40,3
1992,41,1
1992,42,2
1992,43,1
1992,44,-
1992,45,-
1992,46,1
1992,47,1
1992,48,1
1992,49,2
1992,50,0
1992,51,4
1992,52,3
1993,1,2
1993,2,1
1993,3,2
1993,4,6
1993,5,0
1993,6,1
1993,7,2
1993,8,2
1993,9,3
1993,10,0
1993,11,0
1993,12,-
1993,13,-
1993,14,0
1993,15,3
1993,16,2
1993,17,1
1993,18,5
1993,19,1
1993,20,2
1993,21,4
1993,22,1
1993,23,5
1993,24,1
1993,25,1
1993,26,0
1993,27,1
1993,28,1
1993,29,0
1993,30,1
1993,31,0
1993,32,0
1993,33,0
1993,34,1
1993,35,0
1993,36,2
1993,37,0
1993,38,2
1993,39,-
1993,40,1
1993,41,1
1993,42,1
1993,43,1
1993,44,2
1993,45,3
1993,46,2
1993,47,2
1993,48,1
1993,49,2
1993,50,1
1993,51,4
1993,52,0
1994,1,2
1994,2,-
1994,3,1
1994,4,3
1994,5,0
1994,6,1
1994,7,2
1994,8,0
1994,9,1
1994,10,0
1994,11,3
1994,12,2
1994,13,1
1994,14,1
1994,15,0
1994,16,2
1994,17,0
1994,18,1
1994,19,1
1994,20,1
1994,21,1
1994,22,1
1994,23,1
1994,24,-
1994,25,-
1994,26,0
1994,27,1
1994,28,1
1994,29,0
1994,30,0
1994,31,0
1994,32,1
1994,33,0
1994,34,1
1994,35,0
1994,36,0
1994,37,0
1994,38,0
1994,39,2
1994,40,0
1994,41,2
1994,42,0
1994,43,1
1994,44,2
1994,45,1
1994,46,1
1994,47,2
1994,48,1
1994,49,2
1994,50,9
1994,51,3
1994,52,0
1995,1,1
1995,2,-
1995,3,0
1995,4,0
1995,5,3
1995,6,0
1995,7,0
1995,8,0
1995,9,0
1995,10,2
1995,11,0
1995,12,1
1995,13,0
1995,14,0
1995,15,1
1995,16,2
1995,17,3
1995,18,1
1995,19,1
1995,20,0
1995,21,2
1995,22,0
1995,23,3
1995,24,3
1995,25,0
1995,26,2
1995,27,0
1995,28,0
1995,29,2
1995,30,1
1995,31,0
1995,32,0
1995,33,0
1995,34,0
1995,35,2
1995,36,1
1995,37,1
1995,38,1
1995,39,0
1995,40,2
1995,41,1
1995,42,2
1995,43,1
1995,44,3
1995,45,3
1995,46,2
1995,47,2
1995,48,6
1995,49,3
1995,50,-
1995,51,1
1995,52,-
1996,1,1
1996,2,3
1996,3,0
1996,4,2
1996,5,1
1996,6,2
1996,7,0
1996,8,1
1996,9,-
1996,10,0
1996,11,1
1996,12,0
1996,13,1
1996,14,0
1996,15,1
1996,16,2
1996,17,0
1996,18,1
1996,19,2
1996,20,1
1996,21,1
1996,22,0
1996,23,1
1996,24,0
1996,25,1
1996,26,2
1996,27,0
1996,28,1
1996,29,2
1996,30,0
1996,31,0
1996,32,0
1996,33,0
1996,34,1
1996,35,1
1996,36,0
1996,37,0
1996,38,0
1996,39,0
1996,40,0
1996,41,0
1996,42,1
1996,43,0
1996,44,0
1996,45,1
1996,46,0
1996,47,0
1996,48,1
1996,49,2
1996,50,1
1996,51,0
1996,52,0
1997,1,1
1997,2,-
1997,3,-
1997,4,-
1997,5,-
1997,6,1
1997,7,0
1997,8,1
1997,9,0
1997,10,0
1997,11,1
1997,12,0
1997,13,1
1997,14,0
1997,15,0
1997,16,0
1997,17,0
1997,18,0
1997,19,0
1997,20,0
1997,21,2
1997,22,0
1997,23,1
1997,24,0
1997,25,0
1997,26,0
1997,27,0
1997,28,0
1997,29,2
1997,30,0
1997,31,0
1997,32,0
1997,33,0
1997,34,0
1997,35,1
1997,36,0
1997,37,-
1997,38,0
1997,39,0
1997,40,2
1997,41,0
1997,42,0
1997,43,-
1997,44,0
1997,45,1
1997,46,0
1997,47,1
1997,48,0
1997,49,0
1997,50,4
1997,51,0
1997,52,0
1998,1,-
1998,2,-
1998,3,-
1998,4,-
1998,5,-
1998,6,-
1998,7,1
1998,8,1
1998,9,0
1998,10,0
1998,11,2
1998,12,0
1998,13,0
1998,14,3
1998,15,0
1998,16,-
1998,17,-
1998,18,2
1998,19,1
1998,20,2
1998,21,1
1998,22,1
1998,23,1
1998,24,0
1998,25,0
1998,26,1
1998,27,0
1998,28,0
1998,29,1
1998,30,1
1998,31,-
1998,32,-
1998,33,0
1998,34,1
1998,35,0
1998,36,0
1998,37,0
1998,38,0
1998,39,0
1998,40,1
1998,41,0
1998,42,0
1998,43,3
1998,44,0
1998,45,0
1998,46,1
1998,47,1
1998,48,0
1998,49,0
1998,50,1
1998,51,1
1998,52,1
1999,1,-
1999,2,-
1999,3,-
1999,4,-
1999,5,-
1999,6,-
1999,7,1
1999,8,0
1999,9,2
1999,10,0
1999,11,1
1999,12,-
1999,13,2
1999,14,0
1999,15,0
1999,16,0
1999,17,0
1999,18,0
1999,19,0
1999,20,0
1999,21,0
1999,22,0
1999,23,1
1999,24,0
1999,25,0
1999,26,0
1999,27,0
1999,28,0
1999,29,0
1999,30,0
1999,31,0
1999,32,0
1999,33,0
1999,34,0
1999,35,0
1999,36,0
1999,37,0
1999,38,0
1999,39,0
1999,40,0
1999,41,0
1999,42,0
1999,43,0
1999,44,0
1999,45,0
1999,46,0
1999,47,0
1999,48,0
1999,49,0
1999,50,0
1999,51,0
1999,52,-
2000,1,-
2000,2,-
2000,3,-
2000,4,-
2000,5,-
2000,6,-
2000,7,0
2000,8,0
2000,9,1
2000,10,2
2000,11,1
2000,12,0
2000,13,0
2000,14,0
2000,15,0
2000,16,0
2000,17,0
2000,18,2
2000,19,0
2000,20,0
2000,21,0
2000,22,0
2000,23,0
2000,24,4
2000,25,0
2000,26,0
2000,27,0
2000,28,1
2000,29,0
2000,30,0
2000,31,0
2000,32,0
2000,33,0
2000,34,0
2000,35,1
2000,36,0
2000,37,0
2000,38,0
2000,39,1
2000,40,0
2000,41,0
2000,42,0
2000,43,0
2000,44,1
2000,45,0
2000,46,0
2000,47,0
2000,48,0
2000,49,0
2000,50,0
2000,51,0
2000,52,1
2001,1,-
2001,2,-
2001,3,-
2001,4,-
2001,5,-
2001,6,-
2001,7,-
2001,8,-
2001,9,-
2001,10,0
2001,11,0
2001,12,0
2001,13,0
2001,14,0
2001,15,-
2001,16,-
2001,17,-
2001,18,-
2001,19,-
2001,20,1
2001,21,0
2001,22,0
2001,23,0
2001,24,0
2001,25,0
2001,26,0
2001,27,1
2001,28,0
2001,29,0
2001,30,2
2001,31,-
2001,32,0
2001,33,1
2001,34,0
2001,35,-
2001,36,0
2001,37,0
2001,38,0
2001,39,0
2001,40,0
2001,41,1
2001,42,0
2001,43,0
2001,44,-
2001,45,-
2001,46,1
2001,47,0
2001,48,0
2001,49,1
2001,50,0
2001,51,0
2001,52,0
2002,1,-
2002,2,-
2002,3,-
2002,4,-
2002,5,-
2002,6,-
2002,7,-
2002,8,-
2002,9,-
2002,10,-
2002,11,0
2002,12,1
2002,13,0
2002,14,2
2002,15,-
2002,16,3
2002,17,1
2002,18,-
2002,19,0
2002,20,0
2002,21,0
2002,22,0
2002,23,0
2002,24,0
2002,25,2
2002,26,0
2002,27,-
2002,28,0
2002,29,0
2002,30,0
2002,31,0
2002,32,0
2002,33,0
2002,34,0
2002,35,0
2002,36,0
2002,37,0
2002,38,1
2002,39,0
2002,40,0
2002,41,0
2002,42,0
2002,43,0
2002,44,0
2002,45,1
2002,46,0
2002,47,0
2002,48,-
2002,49,-
2002,50,-
2002,51,0
2002,52,0
2003,1,-
2003,2,-
2003,3,-
2003,4,-
2003,5,-
2003,6,-
2003,7,-
2003,8,-
2003,9,-
2003,10,-
2003,11,-
2003,12,-
2003,13,-
2003,14,-
2003,15,-
2003,16,-
2003,17,-
2003,18,-
2003,19,-
2003,20,-
2003,21,-
2003,22,-
2003,23,-
2003,24,-
2003,25,-
2003,26,-
2003,27,-
2003,28,-
2003,29,-
2003,30,-
2003,31,-
2003,32,-
2003,33,-
2003,34,-
2003,35,-
2003,36,-
2003,37,-
2003,38,-
2003,39,-
2003,40,-
2003,41,-
2003,42,-
2003,43,-
2003,44,-
2003,45,-
2003,46,-
2003,47,-
2003,48,-
2003,49,-
2003,50,-
2003,51,-
2003,52,-
2004,1,-
2004,2,-
2004,3,-
2004,4,-
2004,5,-
2004,6,-
2004,7,-
2004,8,-
2004,9,-
2004,10,-
2004,11,-
2004,12,-
2004,13,-
2004,14,-
2004,15,-
2004,16,-
2004,17,-
2004,18,-
2004,19,-
2004,20,-
2004,21,-
2004,22,-
2004,23,-
2004,24,-
2004,25,-
2004,26,-
2004,27,-
2004,28,-
2004,29,-
2004,30,-
2004,31,-
2004,32,-
2004,33,-
2004,34,-
2004,35,-
2004,36,-
2004,37,-
2004,38,-
2004,39,-
2004,40,-
2004,41,-
2004,42,-
2004,43,-
2004,44,-
2004,45,-
2004,46,-
2004,47,-
2004,48,-
2004,49,-
2004,50,-
2004,51,-
2004,52,-
2005,1,-
2005,2,-
2005,3,-
2005,4,-
2005,5,-
2005,6,-
2005,7,-
2005,8,-
2005,9,-
2005,10,-
2005,11,-
2005,12,-
2005,13,-
2005,14,-
2005,15,-
2005,16,-
2005,17,-
2005,18,-
2005,19,-
2005,20,-
2005,21,-
2005,22,-
2005,23,-
2005,24,-
2005,25,-
2005,26,-
2005,27,-
2005,28,-
2005,29,-
2005,30,-
2005,31,-
2005,32,-
2005,33,-
2005,34,-
2005,35,-
2005,36,-
2005,37,-
2005,38,-
2005,39,-
2005,40,-
2005,41,-
2005,42,-
2005,43,-
2005,44,-
2005,45,-
2005,46,-
2005,47,-
2005,48,-
2005,49,-
2005,50,-
2005,51,-
2005,52,-
2006,1,-
2006,2,-
2006,3,-
2006,4,-
2006,5,-
2006,6,-
2006,7,-
2006,8,-
2006,9,-
2006,10,-
2006,11,-
2006,12,-
2006,13,-
2006,14,-
2006,15,-
2006,16,-
2006,17,-
2006,18,-
2006,19,-
2006,20,-
2006,21,-
2006,22,-
2006,23,-
2006,24,-
2006,25,-
2006,26,-
2006,27,-
2006,28,-
2006,29,-
2006,30,-
2006,31,-
2006,32,-
2006,33,-
2006,34,-
2006,35,-
2006,36,-
2006,37,-
2006,38,-
2006,39,-
2006,40,-
2006,41,-
2006,42,-
2006,43,-
2006,44,-
2006,45,-
2006,46,-
2006,47,-
2006,48,-
2006,49,-
2006,50,-
2006,51,-
2006,52,-
2007,1,-
2007,2,-
2007,3,-
2007,4,-
2007,5,-
2007,6,-
2007,7,-
2007,8,-
2007,9,-
2007,10,-
2007,11,-
2007,12,-
2007,13,-
2007,14,-
2007,15,-
2007,16,-
2007,17,-
2007,18,-
2007,19,-
2007,20,-
2007,21,-
2007,22,-
2007,23,-
2007,24,-
2007,25,-
2007,26,-
2007,27,-
2007,28,-
2007,29,-
2007,30,-
2007,31,-
2007,32,-
2007,33,-
2007,34,-
2007,35,-
2007,36,-
2007,37,-
2007,38,-
2007,39,-
2007,40,-
2007,41,-
2007,42,-
2007,43,-
2007,44,-
2007,45,-
2007,46,-
2007,47,-
2007,48,-
2007,49,-
2007,50,-
2007,51,-
2007,52,-
2008,1,-
2008,2,-
2008,3,-
2008,4,-
2008,5,-
2008,6,-
2008,7,-
2008,8,-
2008,9,-
2008,10,-
2008,11,-
2008,12,-
2008,13,-
2008,14,-
2008,15,-
2008,16,-
2008,17,-
2008,18,-
2008,19,-
2008,20,-
2008,21,-
2008,22,-
2008,23,-
2008,24,-
2008,25,-
2008,26,-
2008,27,-
2008,28,-
2008,29,-
2008,30,-
2008,31,-
2008,32,-
2008,33,-
2008,34,-
2008,35,-
2008,36,-
2008,37,-
2008,38,-
2008,39,-
2008,40,-
2008,41,-
2008,42,-
2008,43,-
2008,44,-
2008,45,-
2008,46,-
2008,47,-
2008,48,-
2008,49,-
2008,50,-
2008,51,-
2008,52,-
2009,1,-
2009,2,-
2009,3,-
2009,4,-
2009,5,-
2009,6,-
2009,7,-
2009,8,-
2009,9,-
2009,10,-
2009,11,-
2009,12,-
2009,13,-
2009,14,-
2009,15,-
2009,16,-
2009,17,-
2009,18,-
2009,19,-
2009,20,-
2009,21,-
2009,22,-
2009,23,-
2009,24,-
2009,25,-
2009,26,-
2009,27,-
2009,28,-
2009,29,-
2009,30,-
2009,31,-
2009,32,-
2009,33,-
2009,34,-
2009,35,-
2009,36,-
2009,37,-
2009,38,-
2009,39,-
2009,40,-
2009,41,-
2009,42,-
2009,43,-
2009,44,-
2009,45,-
2009,46,-
2009,47,-
2009,48,-
2009,49,-
2009,50,-
2009,51,-
2009,52,-
2010,1,-
2010,2,-
2010,3,-
2010,4,-
2010,5,-
2010,6,-
2010,7,-
2010,8,-
2010,9,-
2010,10,-
2010,11,-
2010,12,-
2010,13,-
2010,14,-
2010,15,-
2010,16,-
2010,17,-
2010,18,-
2010,19,-
2010,20,-
2010,21,-
2010,22,-
2010,23,-
2010,24,-
2010,25,-
2010,26,-
2010,27,-
2010,28,-
2010,29,-
2010,30,-
2010,31,-
2010,32,-
2010,33,-
2010,34,-
2010,35,-
2010,36,-
2010,37,-
2010,38,-
2010,39,-
2010,40,-
2010,41,-
2010,42,-
2010,43,-
2010,44,-
2010,45,-
2010,46,-
2010,47,-
2010,48,-
2010,49,-
2010,50,-
2010,51,-
2010,52,-
2011,1,-
2011,2,-
2011,3,-
2011,4,-
2011,5,-
2011,6,-
2011,7,-
2011,8,-
2011,9,-
2011,10,-
2011,11,-
2011,12,-
2011,13,-
2011,14,-
2011,15,-
2011,16,-
2011,17,-
2011,18,-
2011,19,-
2011,20,-
2011,21,-
2011,22,-
2011,23,-
2011,24,-
2011,25,-
2011,26,-
2011,27,-
2011,28,-
2011,29,-
2011,30,-
2011,31,-
2011,32,-
2011,33,-
2011,34,-
2011,35,-
2011,36,-
2011,37,-
2011,38,-
2011,39,-
2011,40,-
2011,41,-
2011,42,-
2011,43,-
2011,44,-
2011,45,-
2011,46,-
2011,47,-
2011,48,-
2011,49,-
2011,50,-
2011,51,-
2011,52,-