"logLik","logLik_se","b1","b2","b3","b4","b5","b6","b7","psi","rho","tau","sigma_dem","sigma_env","SO_0","IO_0","delta","K","SB1_0","SB2_0","SB3_0","SB4_0","SB5_0","SB6_0"
-816.104988989858,0.138032941172103,6.30473118231426,5.23477641921134,5.89645227095369,4.18984271423475,4.05763106616097,6.74358483501601,4.06788026360558,3.45026952806829e-06,0.475408030815149,0.0130859391141044,0.0021898895739477,0.792139971096263,0.962891543112608,0.00326478662075032,0.016666667,7,13206,13206,13206,13206,13206,13206
-813.742721203559,0.0729276332357765,6.61444670668036,4.90158675470639,5.95532255110584,3.99718142570988,4.44710668918354,6.33496857234991,4.45848815768997,5.52713984050431e-06,0.56620608253001,0.0139819557745149,0.00354912166745893,0.77539137309044,0.893566614291749,0.00213019650712571,0.016666667,7,13206,13206,13206,13206,13206,13206
-2102.39357042658,80.4869437369948,6.23747528145063,5.07292263853971,6.24065763562626,3.69758589578509,4.60280922998546,6.26251796841016,4.66903002104595,8.41268347714013e-06,0.584718465703715,0.00725259498921002,0.00118651239826066,0.783650649215582,0.947504867487994,0.000786152419256911,0.016666667,7,13206,13206,13206,13206,13206,13206
-2313.38183679209,0.914392688954092,6.00435307080601,5.21075279266756,5.82556399169205,3.88701433145673,4.77219877901653,5.74043866535701,5.03923751925527,5.32110152997348e-06,0.683583030765145,0.0397946280104856,0.00218241042799301,0.778778129414256,0.976574019996762,0.000682237103577875,0.016666667,7,13206,13206,13206,13206,13206,13206
-814.213647628822,0.185950485044298,6.45385205312152,4.74313259697267,6.05750440875745,4.17045049325314,4.05490971440846,6.56444727551049,4.40300712380489,1.61151546234544e-06,0.793804455919106,0.0154384835506219,0.00133114829375736,0.777453171378199,0.960791011417952,0.00179293008937369,0.016666667,7,13206,13206,13206,13206,13206,13206
-812.614384567746,0.105453324205002,6.12106067543239,5.07886581745768,6.1165383117251,3.54544903061804,4.7619209569348,5.93167242405829,4.74473716385463,1.02603283658293e-05,0.82275853370331,0.0150806847786595,0.00203269277638764,0.73926574635723,0.901263675598025,0.000513746011840578,0.016666667,7,13206,13206,13206,13206,13206,13206
-813.541380857265,0.0899126319970865,6.4189354919513,4.81428228003047,5.94141521855607,3.98663532926198,4.42983335627884,6.4635759539337,4.43771738832946,4.55050842046054e-06,0.709323509717264,0.0526022626194146,0.00200915054139254,0.802285361764888,0.940445888750054,0.000803617525782248,0.016666667,7,13206,13206,13206,13206,13206,13206
-812.510112042028,0.146098558021361,6.06514040553138,5.11095274028766,5.98705384500819,3.71458151484752,4.56669746422638,6.41743073910746,4.39454250658338,3.84013244536666e-06,0.817596416643637,0.0124016707128367,0.00213805723113021,0.760427724770496,0.971920603203835,0.000823558695175447,0.016666667,7,13206,13206,13206,13206,13206,13206
-2378.69444264136,13.7133221433763,5.80318607987175,5.33971133165663,5.78801610449928,3.80096791051434,4.74972417446897,5.96590255852345,5.0842711277041,4.77139610151772e-06,0.809570306054671,0.0220640393185982,0.00201772688182373,0.74718544529151,0.987042451953545,0.00164470636928613,0.016666667,7,13206,13206,13206,13206,13206,13206
-813.988300312899,0.218800583892674,5.79150035292162,5.3460565774229,5.8182261740841,4.14677057815379,4.08562021014933,6.19908311123931,4.73322024312515,6.35324549466005e-06,0.604088421603764,0.0262123653096707,0.0015269635576698,0.779825962766123,0.928117414499022,0.00138411951073991,0.016666667,7,13206,13206,13206,13206,13206,13206
-813.014021176897,0.146829823337981,6.03236018664309,5.37817543302031,5.44141995854098,4.38460181870591,4.27884496242618,6.14459527251275,4.73921762107333,3.23483395052408e-06,0.688585894039244,0.0274879313546874,0.00250548712099739,0.768877426159212,0.927280110949775,0.00130395459533692,0.016666667,7,13206,13206,13206,13206,13206,13206
-812.539436952933,0.14818730424072,5.81843892810962,5.37604641799406,5.77449384275025,4.12048838257682,4.55514222126101,6.05030397525914,5.09100322458101,5.71949391791436e-06,0.794907868016048,0.0250486110297484,0.00824790608817635,0.74970620881855,0.963312606491653,0.00115300494148329,0.016666667,7,13206,13206,13206,13206,13206,13206
-813.655142331499,0.0858725554441382,5.83385885090592,5.27027718223578,5.78510712843598,3.75092980720358,4.72263947113585,5.86033998110288,4.81989775918794,1.11412770907573e-05,0.803234029024349,0.0106387438035135,0.00179978117184824,0.802751207031418,0.971780540730759,0.00147135110860614,0.016666667,7,13206,13206,13206,13206,13206,13206
-811.654025784381,0.14408872689946,6.07857230706974,5.48533677656622,5.57940652454631,4.12006666995584,4.43964168597477,6.26134996983822,4.6239621596201,1.80525375019655e-06,0.729944931812738,0.0117885195729577,0.00146126570686303,0.759295767985014,0.984873987915116,0.000618132437518185,0.016666667,7,13206,13206,13206,13206,13206,13206
-812.545904839331,0.120131400684657,6.58832419365752,4.86840714558067,6.07587511529875,3.72283927445019,4.56498099276817,6.41163462787916,4.45055805724699,3.82071665711975e-06,0.711605514830531,0.0140473886133275,0.00344716832392984,0.777010143007919,0.959903823749923,0.00094591083429931,0.016666667,7,13206,13206,13206,13206,13206,13206
-813.670374923147,0.119512215033982,6.09825628062207,5.08706748963974,5.83674691587,3.97996555481544,4.5857608369073,6.19236701629109,5.11094145761062,1.20893308733838e-05,0.685273762061919,0.0153059225595887,0.00492830860235785,0.751358292458432,0.980046891535319,0.00181308861880253,0.016666667,7,13206,13206,13206,13206,13206,13206
-812.947351737496,0.134228430126508,5.87914910685545,5.61037965460919,5.9411834979277,3.85003806324837,4.44994493638792,6.17879631448774,4.65041762494428,8.22388987168012e-06,0.82365640654611,0.0128730528349428,0.00542597079502205,0.751945776716635,0.953757170003894,0.000947796336437217,0.016666667,7,13206,13206,13206,13206,13206,13206
-813.304818850081,0.0998555404826003,6.05143674667622,5.40409318267257,5.80495381614451,3.64035877847205,5.12164464790435,5.84269988006512,4.66418455674807,2.35719529704873e-06,0.709487806310643,0.0103800373802189,0.00497091460221054,0.777814346622641,0.977156551150583,0.000558516890395418,0.016666667,7,13206,13206,13206,13206,13206,13206
-814.234522637987,0.134595171176815,6.47342097944138,4.94231331796516,6.17255352067486,3.65585351705958,4.48459444013653,6.63720757051312,4.33160014873537,8.72288209666342e-06,0.467824885721042,0.0116533449877328,0.00297324559744523,0.781923927499884,0.97267399761979,0.00137184753609091,0.016666667,7,13206,13206,13206,13206,13206,13206
-813.330272312605,0.0783217925322303,6.21700353077575,5.27726455955303,5.93143062861985,3.93264388721557,4.55166706320548,6.41232734679396,4.37130304189653,1.55368466456094e-06,0.593856727725054,0.025079995774978,0.00261126960001071,0.776695044927627,0.934555226967269,0.00242370964645242,0.016666667,7,13206,13206,13206,13206,13206,13206
-812.339012907332,0.146860713834457,6.17359456154219,5.0993025837111,6.06784171025216,3.82963693911457,4.58886395134279,6.20670381310997,4.68014749812245,1.92606333342524e-06,0.675768856891432,0.0412759141094257,0.0053625404114551,0.775137283215127,0.920396186430275,0.00121990290886241,0.016666667,7,13206,13206,13206,13206,13206,13206
-812.355938717141,0.0971683704152201,5.98241754952167,5.31516939877778,5.76433314434542,4.05560680560368,4.51634560139749,6.11547647487646,4.76835450421378,3.24420279029945e-06,0.579834464500358,0.0394161552723117,0.00109224319360453,0.768106665212952,0.909363343755586,0.00114914377848939,0.016666667,7,13206,13206,13206,13206,13206,13206
-815.284707749061,0.149365095965125,6.03941494291953,5.64101706047519,5.54200887457479,4.49678772515153,3.72697555967233,6.61779416631249,4.53718416121524,8.54068886206694e-06,0.715020282020033,0.0158906339378727,0.000956105646197192,0.839984109628565,0.949077943267996,0.00100265047757903,0.016666667,7,13206,13206,13206,13206,13206,13206
-812.748251867509,0.0854889237162438,6.19307281382052,5.21686085854746,6.00064138985914,3.57426897851938,4.95607391477181,5.90120343336861,4.83341563257809,1.06256369428544e-05,0.642598143004276,0.0247771243302898,0.00452576053787765,0.74366477959162,0.957424394792835,0.000919053490237425,0.016666667,7,13206,13206,13206,13206,13206,13206
-813.50453981592,0.0904779898361251,6.43541295901316,5.2464041826314,5.93323403340161,4.00051371769752,4.31769258318869,6.54487040774612,4.16368249186057,3.22455813743142e-06,0.613743347224028,0.00682286258034638,0.00415702302761199,0.800813313395623,0.974443314563748,0.000778961837688719,0.016666667,7,13206,13206,13206,13206,13206,13206
-813.933217788275,0.21893183730944,6.0729421956729,5.2981496296819,5.76901553571946,4.20648659599044,4.25054568136526,6.33355106365092,4.65855576599458,1.20049447139279e-05,0.653198139598453,0.0303739781010947,0.0118049686097281,0.691980328243802,0.950591217088514,0.00137844402609516,0.016666667,7,13206,13206,13206,13206,13206,13206
-813.246630719883,0.16537247066923,6.51759349123797,5.13072076215192,6.05231877158532,3.76269000843502,4.54026351542551,6.3064427381298,4.57738822357929,3.39130001418292e-06,0.468718014655938,0.00736992330497484,0.000761497835699518,0.765383423867975,0.94639390141743,0.00125879127267098,0.016666667,7,13206,13206,13206,13206,13206,13206
-813.196531100072,0.140723285549589,5.94974907405166,5.34911342586676,5.8473178852297,3.93829577532412,4.62647969772518,5.79701043335205,5.09557733766587,1.31943160733203e-05,0.85126666406375,0.00667408435008401,0.00352455433381092,0.735279389942642,0.97302049300198,0.00154221484720102,0.016666667,7,13206,13206,13206,13206,13206,13206
-812.203935484745,0.132535886059638,5.92715258050295,5.32047466007511,5.95632246885734,3.8983370968213,4.62572661207723,6.0249150817738,4.834672619678,5.19875085010082e-06,0.777082640758503,0.0203124586240283,0.00356360935021817,0.750915820312842,0.963867760048392,0.00174947626864613,0.016666667,7,13206,13206,13206,13206,13206,13206
-813.482477033601,0.142600749267921,5.8893552788015,5.25520421614199,5.9317779576665,3.86042761366574,4.53309509523153,6.1327968244282,4.96667513872505,1.09980143531176e-05,0.525218749128693,0.0163312498461756,0.00453260747169184,0.77923548358453,0.94448962300079,0.0021663827023739,0.016666667,7,13206,13206,13206,13206,13206,13206
-813.542674050978,0.103728959942666,5.9327557787564,5.36426026711062,5.69930172850019,3.84340497395094,4.48485311640137,5.81156932857761,5.03260398554877,3.29653231790453e-06,0.762187811774355,0.0135312142380048,0.00583471862394788,0.762532716166082,0.982229436483129,0.00184658295327008,0.016666667,7,13206,13206,13206,13206,13206,13206
-2235.95771154176,2.12566556781095,6.46297917375577,5.29708570333953,5.79826185090467,4.16472006950394,4.36298113926195,6.2936045618195,4.48531734948812,3.40061315378674e-06,0.676604321942831,0.015456465798535,0.00120018080690712,0.758675976030893,0.971446341439793,0.000568368342088117,0.016666667,7,13206,13206,13206,13206,13206,13206
-813.422107748204,0.101914480525214,6.02762830393583,4.83234501566152,6.17233202112202,3.78694035883208,4.4412307481748,6.31573508604869,4.59912720273937,5.13041336832625e-06,0.725886561373661,0.00496193869201902,0.00209446361272928,0.774875371328998,0.962054125885843,0.00114436367310423,0.016666667,7,13206,13206,13206,13206,13206,13206
-813.517981327328,0.150020139829052,6.03813153641305,5.28991504424328,5.71909577311662,4.11575094827374,4.36691122070221,6.0370613482612,4.54812606372388,6.37108696589604e-06,0.689233003622204,0.00472489280207969,0.00200725645427396,0.774318740189705,0.956878007106738,0.00045479962187626,0.016666667,7,13206,13206,13206,13206,13206,13206
-812.289052700858,0.111629623188681,6.13295465404707,5.26909402971703,5.92392279081193,4.04427035122114,4.46610795023811,6.13494612824544,4.70738977161623,9.71850837502222e-06,0.699713508088804,0.0156317358596633,0.00206227651373832,0.769861624093163,0.981872783746921,0.000605555135495411,0.016666667,7,13206,13206,13206,13206,13206,13206
-813.323939482239,0.113173135646694,5.51519681749289,5.8228397104984,5.58559856681294,4.07252134867149,4.48351644651332,6.23409864328943,5.09603130788429,3.14621079885322e-06,0.761106430901661,0.00794145775839613,0.00485499137361294,0.740605884215204,0.9387989912104,0.00177557269533099,0.016666667,7,13206,13206,13206,13206,13206,13206
-812.27684919951,0.136419007665992,6.17296373301048,5.10471807538849,5.9763654851365,3.85487460489779,4.67147964426378,6.02061314193985,4.77918896209572,7.32436041927686e-06,0.615737898908064,0.0198070656949908,0.00529986649662756,0.749672532875391,0.944456199750393,0.00149408313644139,0.016666667,7,13206,13206,13206,13206,13206,13206
-813.945547063683,0.101747916999423,5.65738967211995,5.48394828436986,5.92261676105395,3.69484830875641,4.52146149801608,6.15561374370267,4.73159445023575,6.18322746487664e-06,0.619241530135549,0.0227808240505502,0.00171288347200074,0.758134834608645,0.975204819927304,0.00185286228139042,0.016666667,7,13206,13206,13206,13206,13206,13206
-811.39501169693,0.0957449557836524,6.11279300854863,5.1419329278619,5.99775512451183,3.81188536371243,4.56353805554639,6.30239199684455,4.60104502678012,2.17928190811603e-06,0.792625404935903,0.00546288529140968,0.00350103077820162,0.769634091247996,0.941074488138741,0.000889032696145428,0.016666667,7,13206,13206,13206,13206,13206,13206
-2351.56653702154,2.70792712167087,6.07651275963673,5.11733711019979,5.83050890768201,3.98136991475943,4.28860284012174,6.38725049092426,4.51679050917395,2.81497841870553e-06,0.62726533150707,0.0230661556733716,0.0011453960685463,0.766219001214537,0.962288599975711,0.00705684970173957,0.016666667,7,13206,13206,13206,13206,13206,13206
-1072.59082345822,2.07977820193751,-1.02483504421184,1.03251271065484,3.77960870767955,-0.894010014257376,0.104243520329159,4.90437573358564,1.60651268873026,0.00962003901866827,0.233772085453079,0.00127372846102372,0.127811828465947,0.452085863145034,0.530217271224315,0.0131748311898137,0.0166666666666667,7,13206,13206,13206,13206,13206,13206
-966.185520531322,1.38132389499444,6.25875979460659,8.13399656599055,-0.74502741744666,0.0936142713250697,5.14989932967315,6.81570418551718,-0.974708188223451,0.00582733978640409,0.322924771221201,0.108528616139899,0.0778260370256354,1.29975916867091,0.519713797959378,0.00159495642556696,0.0166666666666667,7,13206,13206,13206,13206,13206,13206
-895.502688215219,0.434680566179339,5.14100240931512,6.03535115274527,2.64092000682784,7.19644473150103,0.443981352366729,4.48570950610201,7.00136505390739,0.00376675526161958,0.27380063924507,0.113678177755793,0.0532028340260734,1.08672677823936,0.590869048834586,0.00304464316464966,0.0166666666666667,7,13206,13206,13206,13206,13206,13206
-864.715948318158,0.156087585684661,4.07863365774958,6.82546207547688,4.64492841693728,5.60273472486269,4.28684066762271,1.37985950372385,7.49328870720249,0.00117066062872511,0.450658508196155,0.0519335643431145,0.0399017870873977,0.886036003625014,0.0133747005206305,0.0094634197307923,0.0166666666666667,7,13206,13206,13206,13206,13206,13206
-893.117795172414,0.107172788951381,3.09593665292299,6.29086396453903,6.49374404456458,2.53035379441663,-0.137872361610718,-1.77487544522667,2.64065414673449,0.00319916541467824,0.520740482026154,0.116064892785786,0.0403989573477911,1.02974616509587,0.919712755934577,0.0137123301579502,0.0166666666666667,7,13206,13206,13206,13206,13206,13206
-915.485579740908,0.184617432498253,4.42718358150276,3.75478954458446,5.21367055155481,1.79729562862502,6.43713636101468,5.8069971309197,6.90195260552643,0.0049340758655308,0.347642428416891,0.105996531316946,0.0243109480437243,1.35841316521984,0.593879538288175,0.0184631019045194,0.0166666666666667,7,13206,13206,13206,13206,13206,13206
-968.990800714856,0.950370105202779,2.77353286930355,4.20688999778117,2.56438781089382,-0.172116332659231,1.48946545146773,4.555909258015,5.95515565476094,0.0085635692861086,0.317890691102471,0.109038137367458,0.13806044064453,0.313621927714312,0.332090395434752,0.00872174077424846,0.0166666666666667,7,13206,13206,13206,13206,13206,13206
-991.416066439019,15.0297404924938,6.42619689636258,0.0657185789972501,6.28147871331923,3.39142284371239,1.21944689528466,6.37351415643055,2.8725525526508,0.0103604862356009,0.200644265443419,0.0658317910079119,0.138473183771472,0.25050093153763,0.993704548884566,0.0101621727797503,0.0166666666666667,7,13206,13206,13206,13206,13206,13206
-926.831288987036,0.141422409879421,2.37574441252637,4.72154031063039,4.6489210617343,4.61790233853243,7.27988089146818,7.24645519572974,-0.775110308591143,0.0100831171211962,0.338568403428484,0.12960216554779,0.05927653309509,1.3755268785046,0.0918212841591453,0.00739810651587425,0.0166666666666667,7,13206,13206,13206,13206,13206,13206
-941.425192201847,0.133384441623913,6.67146436546643,6.10754825855047,-1.51111708984098,-0.852373265054639,-1.08361530221843,3.95035235108366,1.61269670138213,0.0185509364665854,0.275234414572773,0.137722569067948,0.219956904996609,0.0427721515499733,0.0205487415521544,4.45369198780997e-05,0.0166666666666667,7,13206,13206,13206,13206,13206,13206
-925.807710499132,0.578079850541209,0.213681114226096,7.52660402764878,4.16442459885697,0.792329125982723,3.69846661460993,5.60084745870345,5.76427839161347,0.00209088997994988,0.47458109141965,0.147505155812457,0.0477111499729135,1.1831522323591,0.836844434406275,0.0145093086736311,0.0166666666666667,7,13206,13206,13206,13206,13206,13206
-1024.65657502435,1.78235015155879,5.77406324295472,1.87460979771793,5.7435845316587,3.50116878297587,-0.777168801156141,0.678853817207863,5.78258970208049,0.00666129461367153,0.177499298737307,0.0647050937368188,0.101309988808963,0.524032537369406,0.645573731490259,0.00428111834807841,0.0166666666666667,7,13206,13206,13206,13206,13206,13206
-960.755981810471,0.708706637866651,6.40814218770086,7.54677507705587,0.376583155032788,-2.26806706576881,5.98819143185682,-0.752614875414822,1.81539649761056,0.00945439948103261,0.219393193368948,0.0910633229270124,0.117015390202314,0.936191672319603,0.104476569893565,0.00340002784179793,0.0166666666666667,7,13206,13206,13206,13206,13206,13206
-1013.36985211666,7.23547090479386,5.00757595233947,-0.723412767001543,4.4121774147878,0.547947097648984,1.78868097267625,3.42234765819387,3.31334209927382,0.00911566697082639,0.24346081173257,0.124556715479366,0.089917686546881,0.805872859975701,0.699091873463658,0.00851386612183926,0.0166666666666667,7,13206,13206,13206,13206,13206,13206
-992.17130859537,13.7958327755981,0.193633086308482,0.862511002465912,4.60256811056895,0.645091951901622,-0.468385784751624,5.44826136807191,3.27409749509684,0.00995561471195526,0.255693298368821,0.111330335765759,0.106016518186896,0.725390088637055,0.304144694391301,0.0432087687052973,0.0166666666666667,7,13206,13206,13206,13206,13206,13206
-945.374852294781,0.105934728977161,5.65870121753577,-1.13780505594928,2.01924100087696,6.62291317136506,5.976722729372,2.53586278249187,-0.294279147172099,0.0205753608634324,0.322704502345414,0.134502106614622,0.0886035822178319,1.42968600791546,0.223602229896682,0.0116595173749676,0.0166666666666667,7,13206,13206,13206,13206,13206,13206
-1038.47247264125,0.507728225449551,4.3369689412161,-0.412912882851716,1.12382642372081,0.154138910922503,-1.75643464556915,6.23099871856754,2.22429725774091,0.0142452280453944,0.206657316856109,0.00780869652473568,0.0776735254227119,1.3665478117765,0.715254030381663,0.020078987384376,0.0166666666666667,7,13206,13206,13206,13206,13206,13206
-1054.58044400829,3.84647359630243,-0.0886319111649323,4.22930149357263,6.45878532821023,0.729657415145606,6.72882836645444,4.64621447958796,3.62654593847317,0.00539753266414779,0.350262788850619,0.00169194100327749,0.108787649674431,0.287591478101309,0.109310371431469,0.00421915008034289,0.0166666666666667,7,13206,13206,13206,13206,13206,13206
-965.510238661566,1.93358992416595,1.34568531839907,5.46286685118174,2.57929575036741,6.14854568306141,1.80485295998731,2.10264932073688,7.34910225844822,0.0044531809926406,0.235810168344654,0.0804536258661277,0.0582309908212512,1.01968495982629,0.103200140149742,0.0130984087393939,0.0166666666666667,7,13206,13206,13206,13206,13206,13206
-977.060672083046,2.76999210649976,2.64647729928513,2.7304864239127,0.0315725641873076,1.79121787158819,0.814523324894403,4.52524073007234,5.21605166264821,0.0037392279990519,0.618171665226467,0.27411583736254,0.058737605785529,1.04614950290463,0.162308529408572,0.00600043597813838,0.0166666666666667,7,13206,13206,13206,13206,13206,13206
-941.532275160759,0.135851738193938,2.11648312601247,5.11948825671257,7.31819709299412,-0.865418555634457,0.625604945674195,4.28758270308298,1.98431265016817,0.043295865840063,0.109419223802254,0.0625769165250472,0.318802540858801,0.138130003052191,0.681037910556169,0.00578202837864711,0.0166666666666667,7,13206,13206,13206,13206,13206,13206
-928.866903206059,0.713345523987174,1.8843307826217,4.54469651634799,3.73653961838987,5.131078026653,5.19477774204644,0.132775672065793,-0.652141472258931,0.00844452124752946,0.273345850925043,0.088077464004462,0.0389713821498405,1.28535006616107,0.961954174893519,0.0100800037600332,0.0166666666666667,7,13206,13206,13206,13206,13206,13206
-864.572065191227,0.0328187396600381,-2.27730867687009,6.77023771949723,9.95826695587027,8.60462395141474,9.12030358228846,-1.62889035741203,8.02264272002019,0.338743822465536,0.074950224313833,0.0517158597320506,0.0607796085298226,0.528755329958023,0.629885286047361,0.0209341731412773,0.0166666666666667,7,13206,13206,13206,13206,13206,13206
-891.172339043014,0.431159964574585,5.23913931462636,7.23598875499069,2.95915450499195,6.28292913476094,-2.64810736772525,-0.291481823953515,6.05699377988731,0.00211736673406771,0.379772169909609,0.0580395263845955,0.0308955994291489,1.08177783939037,0.741498067627405,0.00432762133581177,0.0166666666666667,7,13206,13206,13206,13206,13206,13206
-987.452496529815,1.20780408357441,2.2823760349749,5.53251619017857,0.451705311003007,1.425257791215,6.91493519495202,1.8509264889066,0.00685867115202337,0.022757507961981,0.0922979681234334,0.0611780424925619,0.0768593036824784,1.39452175928908,0.207960984058389,0.0228655667578199,0.0166666666666667,7,13206,13206,13206,13206,13206,13206
-1061.59108782153,6.84443758894543,-1.80873718157182,0.191665548810005,1.38868208644107,6.19066178773653,6.91757088125793,3.83403657093447,2.89899571872893,0.0129031938729446,0.237997123832437,0.0304101994896265,0.0779654461061919,1.25794561041658,0.263665310777107,5.44992110399258e-05,0.0166666666666667,7,13206,13206,13206,13206,13206,13206
-945.317124269062,0.105028282286611,1.10668314001863,-1.24045048251588,6.08825055886468,4.99502738485713,0.27761843627125,5.72009894829549,2.17373997130705,0.0438440107066741,0.165227077862425,0.0788722473596421,0.333781627748155,0.340513018400209,0.271934655260165,0.000947541897632095,0.0166666666666667,7,13206,13206,13206,13206,13206,13206
-948.387377703606,0.10651687370048,-0.884154156734199,-0.134845819514555,2.8419802602728,-0.424433806287461,3.29228527326563,2.47197656062932,4.86718803684739,0.0300422258331485,0.250740683096297,0.111341387807717,0.102423635349025,1.43054755796719,0.637837163869051,0.00977480913182037,0.0166666666666667,7,13206,13206,13206,13206,13206,13206
-914.427384091297,0.267945882757772,3.88190078819815,7.71024317820484,2.78527286439281,2.83480954824632,-0.510068357896138,6.59218161705941,6.43662767526651,0.0101302574165435,0.313230295562763,0.111584472088741,0.12452630741256,0.882129121860586,0.802544095067828,0.00567698386699012,0.0166666666666667,7,13206,13206,13206,13206,13206,13206
-881.411585002284,0.112240826504176,6.24699775899757,6.86301475860818,3.80365737896291,6.56593897344324,3.19368236142628,5.48208503434228,-0.487051724491698,0.00218808235657438,0.512276731699588,0.0643342359665818,0.0392294869957183,1.03336982549219,0.568829262379536,0.00365117490261928,0.0166666666666667,7,13206,13206,13206,13206,13206,13206
-1045.6087225324,1.54607931032844,0.582120039512662,6.05780197747389,5.06912024020245,3.96134173720517,3.21060778471504,-0.380939274951873,-1.42449788527248,0.00264900603757554,0.597323780864294,0.0565202985021981,0.0759025286215406,0.155333743476837,0.935232234981606,0.000314526652164285,0.0166666666666667,7,13206,13206,13206,13206,13206,13206
-894.430653679522,0.0716705872046993,1.17209677086101,7.7508969125214,5.71371582177922,4.22456367428435,-1.49550861802325,6.06197025132603,3.03050333884084,0.00495331100209204,0.38302009292553,0.0705269492829722,0.04841576272986,1.11469000885392,0.884411054594454,0.0187929412350143,0.0166666666666667,7,13206,13206,13206,13206,13206,13206
-873.761843132637,0.155804634103477,7.32504596762918,5.08312381636981,5.96682393955333,3.94316836711335,5.99079684174248,0.996559553511678,-1.68323873075246,0.00258558301779227,0.451294141872004,0.00865832825181568,0.0599603958719321,0.808102132669535,0.484624701151429,0.00581227649896525,0.0166666666666667,7,13206,13206,13206,13206,13206,13206
-1019.70550281024,9.10806914462168,-3.85693916758739,3.43291987290789,5.85559451975924,3.43309742516914,-0.717875913524276,0.648100957961033,2.82379843271686,0.00827849175919553,0.196882075718611,0.121498413247773,0.112603909063554,0.338079024406832,0.353056623756968,0.00715445398884622,0.0166666666666667,7,13206,13206,13206,13206,13206,13206
-995.008062517702,1.80818629255398,2.01553290857094,-0.91361128091397,6.21742502062038,4.47565719663856,0.404475114939463,-0.450623395374128,7.96662149127228,0.00893175225625313,0.213411963040721,0.0805001494884783,0.0726340025530234,1.0911454524037,0.116187533376116,0.0163853005204286,0.0166666666666667,7,13206,13206,13206,13206,13206,13206
-1037.08740183076,0.453185138219611,4.68574381754881,-0.228685528781139,-0.685169411521141,4.02986791824394,-1.23909809280567,5.46397871566959,1.80933218500259,0.00649270902971099,0.298563183468151,0.110343849928229,0.0816830503486649,1.05834498520695,0.253733076535488,0.00602407750701073,0.0166666666666667,7,13206,13206,13206,13206,13206,13206
-1043.28736246841,0.863244989516038,4.59910091597612,3.23475951422539,7.46288984286558,1.18487701420016,-1.39030742396664,4.06558406384739,4.61492888560358,0.00679552730916782,0.19255925897642,0.076339585933459,0.108267219094214,0.281594253965361,0.961586263856754,0.000268085598712065,0.0166666666666667,7,13206,13206,13206,13206,13206,13206
-865.01697818726,0.103472631522903,6.64318941956363,5.46275860754101,5.99821352351752,3.68402406071023,5.12269068302806,6.65894539385278,0.287855021123499,0.00147336208947712,0.497927879561271,0.0570752948267474,0.0527564624887211,0.728969434743489,0.535061792761195,0.00396940339928719,0.0166666666666667,7,13206,13206,13206,13206,13206,13206
-849.907609888042,0.25710809244813,4.76264230265355,6.39153959852038,4.8491663492796,5.835504879773,3.0723642668891,4.79083256981566,6.47158491133988,0.00105545849597992,0.32191624886625,0.0347209220029574,0.0461515716048847,0.807436258363889,0.327489060326578,0.00307184181907046,0.0166666666666667,7,13206,13206,13206,13206,13206,13206
-997.873575707228,19.0205878913917,-0.054540334873817,1.2307356538956,8.37550375812394,0.377541742299702,-2.28235846512895,2.23422658784108,6.46173259743712,0.00439432649650427,0.353826391895945,0.168967259785565,0.0770080206616176,0.542385699225508,0.609099119660418,0.0260683730446619,0.0166666666666667,7,13206,13206,13206,13206,13206,13206
-940.469678277897,3.87311996086604,5.55324326437841,5.78511696376254,4.69998542742817,0.00992737123290057,6.52885704797876,-0.509251467494891,6.66083002214937,0.00198306340294035,0.392199448541649,0.0882697425802362,0.034562523225379,1.14661662280933,0.292267223243358,0.0011469135085743,0.0166666666666667,7,13206,13206,13206,13206,13206,13206
-875.191014087898,0.117925826451164,4.61911404218386,6.01919678221767,5.43122040710395,3.32923746176098,6.33671737260082,4.9747767339792,2.35163025549584,0.00234223701755491,0.350461946590582,0.027190432446012,0.0604634008990901,0.868876455110451,0.18390621338523,0.00581400524072303,0.0166666666666667,7,13206,13206,13206,13206,13206,13206
-998.564775566391,1.88437140627711,1.22059482743737,2.56298524802018,6.29140682488679,1.06671641039221,2.72462404749778,1.87966329636038,2.69942178934721,0.0079391457688721,0.191742752490155,0.123064411465453,0.0777208753568074,0.908962012639361,0.225226116957508,0.0101846367194042,0.0166666666666667,7,13206,13206,13206,13206,13206,13206
-970.154227427445,1.88369987098673,4.52223050469933,2.92813781572692,3.77781285611335,-0.823853685425107,-0.237172353299244,2.34019625221921,-3.44885847186409,0.0143150712589492,0.167245375732467,0.0716307786566041,0.0925633894528912,1.39370711964655,0.908788649968349,0.00132032145765311,0.0166666666666667,7,13206,13206,13206,13206,13206,13206
-835.093840180113,0.0756684804079545,4.89316501299884,6.63667597649247,5.33719877996117,4.81322012505677,4.28798368462943,5.52371708988044,6.00131860761625,0.000611762543068724,0.293467615001268,0.047263856905971,0.0311378453178524,0.796709370272689,0.000381209118868039,0.00681208442575738,0.0166666666666667,7,13206,13206,13206,13206,13206,13206
-928.811224887823,0.132195983453767,0.353904849983462,2.95076894643945,6.39751175213443,4.37835199872463,1.33605455227276,7.05530967234047,6.4677540616636,0.0103347223572295,0.446337762819945,0.162504680252964,0.172979336857197,0.394123234499141,0.374004619270352,0.00975152802400927,0.0166666666666667,7,13206,13206,13206,13206,13206,13206
-943.427129632096,0.169446405876834,6.11160569472139,-1.45344525784014,6.2303731327201,-0.815999355230489,7.27330049168103,0.816066853676636,0.767800112638594,0.0209259574794885,0.284401997820699,0.134962490140102,0.214474651157208,0.0655746046288142,0.740525782114172,0.00146953874610115,0.0166666666666667,7,13206,13206,13206,13206,13206,13206
-866.896558947399,0.132324025493399,5.35610790787424,5.33829225290158,7.19024305310241,2.06138187151223,7.57455474056172,-0.112487452347092,6.99369887889347,0.00141573075387089,0.385157499344426,0.0546321459612506,0.053071322749182,0.860852265265042,0.281258897291387,0.00910815678408797,0.0166666666666667,7,13206,13206,13206,13206,13206,13206
-896.569431647469,0.352866104037691,5.61817311789322,7.09790329508596,2.74631339102018,6.99950930131724,0.130486548610631,1.15750371892783,2.84694854252357,0.00402715049456272,0.248270203697815,0.088981122473171,0.0705671088772525,0.892207683855565,0.0978258776580925,0.00654391315539951,0.0166666666666667,7,13206,13206,13206,13206,13206,13206
-944.121180904555,0.0982911431237047,3.13016166406196,-1.99055851129275,3.7340995208197,3.093736436247,1.85543318112141,3.37284986062071,3.39892010013935,0.0164392014036448,0.419331795272417,0.179135404948545,0.00869732723383134,1.49330551027777,0.0357810756374083,0.00128393245724816,0.0166666666666667,7,13206,13206,13206,13206,13206,13206
-936.717052793928,0.191846998035779,3.38103564748427,5.20944914081666,-0.861894235254918,4.83154765799926,2.17816274278922,1.40272200959494,3.81232401589989,0.0174627935957238,0.296829322920755,0.126777474962057,0.124791878280067,1.19925641408573,0.0186202276996442,0.00878218223440181,0.0166666666666667,7,13206,13206,13206,13206,13206,13206
-880.090089039184,0.10083937000442,3.38818247932818,7.36435733818853,4.68629468390376,4.2817187817236,5.64364920326805,-0.0476425845182353,3.89973969979423,0.00231536498110263,0.503536315485457,0.0595870809637156,0.0500380617373345,0.915198558434616,0.751690943733903,0.00988553292957969,0.0166666666666667,7,13206,13206,13206,13206,13206,13206
-957.680385275169,1.78492062725031,4.21072227843547,3.27744758336995,-1.24115671571002,5.41685722573204,-0.395777159315181,3.65673385830066,3.79040589301874,0.0075350988850174,0.351607734473676,0.249164597165273,0.120299904475667,0.0116059301629719,0.439681385418493,0.0257889148219093,0.0166666666666667,7,13206,13206,13206,13206,13206,13206
-859.872320401495,0.103160939444103,5.06526401959754,6.69878088905502,4.94973177453589,4.35598439573553,4.47264483727342,3.64602205975442,4.08993868506095,0.000866065049563429,0.634280438680701,0.0658193134862549,0.0363373720144712,0.777369252137655,0.588423542193444,0.00284039745322633,0.0166666666666667,7,13206,13206,13206,13206,13206,13206
-864.596748369252,0.0960346884559173,5.1443036119304,6.46952180042335,4.6552242033442,5.53446613532995,4.50307369147852,1.86458193858956,6.6341381995259,0.00234733724785228,0.319022068605317,0.0637093229580659,0.063675854559955,0.788068158088402,0.685174666632768,0.00212429144682513,0.0166666666666667,7,13206,13206,13206,13206,13206,13206
-946.66827880469,0.528217076325649,8.29158869984499,0.310879636481854,4.93695727301722,-2.52232423101032,5.86885382133388,-0.775046562054888,-0.431055477590321,0.00853914037904004,0.382538613331807,0.195142262453468,0.140039711192203,0.160432394028289,0.7688321200883,0.000651984442473885,0.0166666666666667,7,13206,13206,13206,13206,13206,13206
-948.827131186204,0.11378264243789,-1.62818118536877,2.41361631225285,-1.88351911336591,0.011520189617655,5.42413862945128,0.673987235289092,-2.35314215801216,0.0272685900061423,0.29796255693158,0.144364976604113,0.00608784962086884,1.53877403765722,0.867543190025523,0.00731692425537908,0.0166666666666667,7,13206,13206,13206,13206,13206,13206
-944.099738997455,0.0965325127345305,7.37696048097637,-0.291339405444876,2.61557519768342,-0.5039435206696,5.59974923356712,4.53272843623063,5.56306190103552,0.0210176827263144,0.330691988101047,0.143583991481115,0.21884767838265,0.617201132286523,0.866445856900189,0.0011241419804493,0.0166666666666667,7,13206,13206,13206,13206,13206,13206
-885.643949476279,0.134938887717382,5.65329291012987,6.20090062720126,4.97301729575533,3.40427824418335,2.78083952780234,-1.40176599409126,-0.385155365161502,0.00371720958388755,0.42998577811202,0.105812350462161,0.0521918728530866,0.97300357166976,0.332758374126508,0.0110493569949268,0.0166666666666667,7,13206,13206,13206,13206,13206,13206
-974.323089493169,4.27243717064716,0.0332993887544621,3.4975780513563,2.53775909982343,1.16571129177738,6.28400274525434,4.04478118795995,7.01873008224082,0.00504059090835238,0.524318218216882,0.139554570027631,0.115788495631226,0.0472366651889985,0.0651037666600931,0.0339150583943683,0.0166666666666667,7,13206,13206,13206,13206,13206,13206
-961.802601863631,0.47443743609612,-1.04982616718118,3.73778185744927,0.0237962951221179,-1.5030183743372,5.87413312367416,2.70383966257448,2.50324640908732,0.0194441117745499,0.202494841336055,0.134836268186072,0.184487069221082,0.401108801349909,0.159980543847043,0.00432816110236666,0.0166666666666667,7,13206,13206,13206,13206,13206,13206
-961.26416662237,0.323207839604139,1.31230912881533,1.49894199326358,1.66763122893462,-0.443920476486803,2.92041678125879,3.99748812409377,3.31405520363677,0.0134731237373099,0.276575834202503,0.141830052585293,0.155867117480058,0.725484039431536,0.0795693000901034,0.00103228471120018,0.0166666666666667,7,13206,13206,13206,13206,13206,13206
-947.028781467158,0.159924007176004,3.82957305146595,-1.38590816088289,0.146911255451015,5.55606773388875,0.920331346902493,3.80992387766786,6.40536409395409,0.0386086793075313,0.1921086583313,0.0933001256893957,0.214971737842668,1.09372168964747,0.512683263536016,0.0107840196342894,0.0166666666666667,7,13206,13206,13206,13206,13206,13206
-885.174110841004,0.123226095878052,6.04470484451006,4.84226720918844,7.09908260619218,2.70027049689228,3.39497936436301,0.992091228195225,5.42545721994277,0.00232655782054005,0.417066478666866,0.0530879895748761,0.0532887720981531,0.802094921609351,0.00540944114402171,0.00212691860719101,0.0166666666666667,7,13206,13206,13206,13206,13206,13206
-949.65596436099,0.147852080627104,-2.73398240956294,3.44163573705931,3.01880437638152,6.07266315569391,2.08337508750935,-1.42637804437231,0.237065513746423,0.0451324473155388,0.146170442693023,0.0740197268232745,0.349081391451808,0.075452358660228,0.0554265552360787,0.00617321258712595,0.0166666666666667,7,13206,13206,13206,13206,13206,13206
-883.358993055394,0.129626066844456,5.55477475408437,5.97219142482654,6.67355072276784,2.06146427987363,6.91661168445994,6.08574832516169,1.62323834574606,0.00169710664054054,0.417858361436608,0.0420780720155181,0.0529881453378259,0.906854640574567,0.99315122663825,0.00804233081494081,0.0166666666666667,7,13206,13206,13206,13206,13206,13206
-861.127402474423,0.0709833356840369,3.62662293235328,6.5064773633533,6.20770914369369,3.4703753925527,3.41811988344276,5.01949468423875,7.01614264127025,0.0012336784540344,0.388098870715725,0.0659844412278647,0.0423045125735572,0.882428192216066,0.0943128545993081,0.0107594512182485,0.0166666666666667,7,13206,13206,13206,13206,13206,13206
-911.443294344233,0.630229278560658,3.24596699333331,8.63983038083866,3.79751584318108,0.711334219257264,6.66056464009067,-1.01907924958724,6.38796562304753,0.00415428194591159,0.366467325905706,0.126194121061424,0.0693064991228915,1.02794246303901,0.690248739062343,0.00188827949933855,0.0166666666666667,7,13206,13206,13206,13206,13206,13206
-994.392496213884,1.47524075478042,2.34262902139938,-0.818115043455439,8.83897149680313,-1.16259786490751,-0.457613361451227,4.16649770775262,-0.897234984510388,0.040454512048192,0.069736764666937,0.042000980612046,0.233057662688328,0.70875519930845,0.0633145051322584,0.00113578577309799,0.0166666666666667,7,13206,13206,13206,13206,13206,13206
-1039.99578017861,7.98004570386536,0.61917983706401,3.56295380057163,7.26287660123036,0.0379258054976435,5.28704689951146,5.52747810223572,0.786886821940713,0.0137039370623378,0.140391028353209,0.0433075088435351,0.156349894904022,0.368550582033755,0.626561937916365,0.0025732631046568,0.0166666666666667,7,13206,13206,13206,13206,13206,13206
-870.670351575661,0.771983361561591,5.91438917775193,6.68290072712839,4.18224376661646,6.41867835513864,-1.30331497549928,4.52758605272502,4.03721962621513,0.00147269139969963,0.555880209451184,0.0732715712277982,0.0334551200924204,0.871674372153874,0.951636890553332,0.00271042303236506,0.0166666666666667,7,13206,13206,13206,13206,13206,13206
-974.607705623246,1.72770071146269,7.76764794257044,3.81006826037013,0.993113093033176,0.478719015085116,-0.186052523378762,5.55721224415816,-1.48793513997381,0.00826699740539205,0.246411557047054,0.144844686833897,0.104090188815369,0.791961451601176,0.502501225367325,0.00482701642029656,0.0166666666666667,7,13206,13206,13206,13206,13206,13206
-991.369482876602,8.46644712385959,-1.44343929819701,6.25686668328902,3.41542350538479,5.29389651853138,4.86202101156707,3.03971987548337,-2.84109292327689,0.0111580912864231,0.177624608868007,0.0603327761501666,0.176402580336153,0.0758095338584806,0.62665032704518,0.000422464594886953,0.0166666666666667,7,13206,13206,13206,13206,13206,13206
-878.565269546993,0.150530527208049,5.48933320073365,5.5344161338722,6.18887491327156,3.76982165828763,0.885384651697541,0.219672183352255,2.2794632158374,0.00277150894605757,0.49950787350346,0.0851911825380894,0.0613301989517185,0.708817512349449,0.685098741632695,0.0180615460758488,0.0166666666666667,7,13206,13206,13206,13206,13206,13206
-930.28803081392,0.291611923726024,4.78436980312856,6.73584065369172,1.75483623265115,-0.199394950456177,3.63707720622627,6.08519327314729,-1.6695829577131,0.0167944813263692,0.261374970865355,0.0886954077195436,0.104666515140835,1.39187603412115,0.638853035742905,0.00787013753558167,0.0166666666666667,7,13206,13206,13206,13206,13206,13206
-931.423676313948,0.19814408842399,2.56315038857883,5.12262915613462,3.18204112292827,-0.961306234511973,6.75468835190594,3.22997214069648,3.35378900860712,0.012772092613532,0.355766794750575,0.15346327984417,0.0916077571233376,1.28566857121791,0.574433271158579,0.021186900209702,0.0166666666666667,7,13206,13206,13206,13206,13206,13206
-890.129843323449,0.124642693870213,1.85298090959019,7.97969421943169,4.10493089445704,4.72868753482127,4.92902559340312,-0.381533963539841,0.465398707842031,0.00273920879112851,0.610298628912386,0.0738975081468349,0.050581235500387,0.927925312930629,0.464144931518463,0.0101782810871748,0.0166666666666667,7,13206,13206,13206,13206,13206,13206
-948.001366231453,0.102194255777347,2.79896233383031,1.37955761081172,0.13207998339724,2.06586259822673,2.33570382141019,4.0696480340763,5.49281766734131,0.0292290706725562,0.27744723201792,0.116264116386393,0.26677219760393,0.197648421657811,0.208416751175035,0.00110706864542541,0.0166666666666667,7,13206,13206,13206,13206,13206,13206
-829.372137478776,0.0787640139590728,7.35246983927988,4.27929363800175,6.32464421336316,4.34099464517787,4.02231221346728,6.85428788340346,4.02457055141875,0.000240235610453791,0.480242328325107,0.0759328256185595,0.0255847152053514,0.732591011661245,0.847950059277124,0.00386725976243597,0.0166666666666667,7,13206,13206,13206,13206,13206,13206
-1046.54090449603,0.327433541773939,-2.76463984041477,5.41071401088862,5.51552074696428,4.40699688117845,3.262284653145,4.40192952196802,7.73198032525105,0.00415059831065935,0.338268591143957,0.0751260338216158,0.0985250768958301,0.537020609649559,0.25794976180376,0.000390803254585572,0.0166666666666667,7,13206,13206,13206,13206,13206,13206
