"V1","V2"
14610,129
14611,144.333333333333
14612,78.375
14613,29.2916666666667
14614,43.5416666666667
14615,59.375
14616,72.4583333333333
14617,174.333333333333
14618,84.75
14619,55.0833333333333
14620,19.9166666666667
14621,20.5
14622,42.7083333333333
14623,92.0833333333333
14624,49.8333333333333
14625,182.708333333333
14626,210
14627,263.375
14628,341
14629,70.9166666666667
14630,27.75
14631,30
14632,21.5625
14635,203.538461538462
14636,110.708333333333
14637,21.125
14638,25.625
14639,45.2916666666667
14640,38.4166666666667
14641,64.6666666666667
14642,65.9166666666667
14643,78.9583333333333
14644,56.2083333333333
14645,78.5833333333333
14646,76.6666666666667
14647,113.916666666667
14648,180.958333333333
14649,147.625
14650,12.2083333333333
14651,14.5833333333333
14652,26.875
14653,88.2083333333333
14654,90.0869565217391
14655,34.2083333333333
14656,96.125
14657,60.75
14658,84.2083333333333
14659,114.875
14660,180.833333333333
14661,121.291666666667
14662,91.8333333333333
14663,174.541666666667
14664,272.75
14665,164.958333333333
14666,69.2916666666667
14667,80.0833333333333
14668,81.2083333333333
14669,59.25
14670,90.4166666666667
14671,157.416666666667
14672,192.333333333333
14673,21.7916666666667
14674,51.8333333333333
14675,87.8333333333333
14676,45.375
14677,19.7083333333333
14678,61.875
14679,176.291666666667
14680,43.625
14681,60.375
14682,86.625
14683,62.75
14684,64.875
14685,40.5833333333333
14686,164.75
14687,226
14688,161.954545454545
14689,70.5416666666667
14690,160.478260869565
14691,53.875
14692,61.9166666666667
14693,31.0416666666667
14694,69.5
14695,69.625
14696,73.9166666666667
14697,221.875
14698,251.666666666667
14699,113.1
14700,27.8636363636364
14701,31.625
14702,106.875
14703,124.125
14704,128.041666666667
14705,21.2916666666667
14706,94.75
14707,108.208333333333
14708,83.4583333333333
14709,34.0416666666667
14710,70.75
14711,44.5
14712,23.9583333333333
14713,55.9166666666667
14714,177.583333333333
14715,205
14716,152.375
14717,240.25
14718,199.5
14719,80.25
14720,39
14721,39.5416666666667
14722,33.5
14723,88.75
14724,83.8333333333333
14725,13.5
14726,25.125
14727,16.125
14728,19.0416666666667
14729,29.0416666666667
14730,69.9166666666667
14731,76.4166666666667
14732,113.291666666667
14733,139.25
14734,119.25
14735,20.2916666666667
14736,96.5
14737,132
14738,79.5833333333333
14739,42.375
14740,17.6666666666667
14741,43.7916666666667
14742,67.6666666666667
14743,142.75
14744,177.083333333333
14745,107.625
14746,69.1363636363636
14747,50.0833333333333
14748,34.4166666666667
14749,65.4166666666667
14750,113.875
14751,148
14752,123.208333333333
14753,42.4583333333333
14754,34.3333333333333
14755,83.7083333333333
14756,84.7894736842105
14757,134.416666666667
14758,137.583333333333
14759,41.2916666666667
14760,89.0833333333333
14761,106.45
14762,129.625
14763,110.833333333333
14764,80.0909090909091
14767,131.307692307692
14768,171.666666666667
14769,47.25
14770,51.7916666666667
14771,87.375
14772,106.5
14773,117.791666666667
14774,87.5833333333333
14775,144.458333333333
14776,90.9166666666667
14777,37
14778,68.2916666666667
14779,100.125
14780,74.5909090909091
14781,76.8333333333333
14782,128.777777777778
14783,58.0666666666667
14784,79.3333333333333
14785,166.583333333333
14786,169.333333333333
14787,118.75
14788,156.958333333333
14789,188.208333333333
14790,178.375
14791,119.375
14792,27.0416666666667
14793,70.8333333333333
14794,92.875
14795,46.2916666666667
14796,24.9583333333333
14797,57.125
14798,46.3333333333333
14799,84.5833333333333
14800,82.7916666666667
14801,167.541666666667
14802,122
14803,103.458333333333
14804,131.208333333333
14805,197.791666666667
14806,195.958333333333
14807,120.708333333333
14808,153.041666666667
14809,164.333333333333
14810,42.5
14811,71.6666666666667
14812,168.541666666667
14813,169.166666666667
14814,97.4583333333333
14815,164.041666666667
14816,211.583333333333
14817,182.666666666667
14818,177.041666666667
14819,201.208333333333
14820,212.375
14821,119.708333333333
14822,43.25
14823,68.3333333333333
14824,151.333333333333
14825,113.708333333333
14826,21
14827,22
14828,79.1666666666667
14829,100.166666666667
14830,242.958333333333
14831,141.75
14832,112.041666666667
14833,93.0416666666667
14834,131.842105263158
14837,75.2222222222222
14838,147
14839,229.875
14840,113.958333333333
14841,113
14842,37.1666666666667
14843,23.625
14844,85.0833333333333
14845,127.166666666667
14846,90.1666666666667
14847,60.1666666666667
14848,39.875
14849,51.3333333333333
14850,113.583333333333
14851,110
14852,88.0833333333333
14853,69.6666666666667
14854,103.375
14855,106.791666666667
14856,91.7916666666667
14857,119.5
14858,158
14859,129.458333333333
14860,97.0416666666667
14861,162.25
14862,99.7083333333333
14863,77.375
14864,124.125
14865,159.375
14866,200.458333333333
14867,301.75
14868,191.916666666667
14869,41.25
14870,23.625
14871,74.1578947368421
14872,90.4166666666667
14873,9
14879,45
14882,216.5
14883,220.875
14884,28.5416666666667
14885,9.875
14886,27.7083333333333
14887,82.125
14888,281.291666666667
14889,373.916666666667
14890,362.5
14891,363.25
14892,371.208333333333
14893,10.5833333333333
14894,58.4545454545455
14895,110.958333333333
14896,15.125
14897,43.1666666666667
14898,72.5833333333333
14899,48.125
14900,66.125
14901,73.375
14902,82.4166666666667
14903,128.375
14904,168.666666666667
14905,220.125
14906,91.0416666666667
14907,10.9583333333333
14908,14.4166666666667
14909,92.5
14910,71.9166666666667
14911,52.3333333333333
14912,52.75
14913,72
14914,65.5
14916,111.1
14917,66.5
14918,105.416666666667
14919,280.583333333333
14920,50.7083333333333
14921,13
14922,64.4583333333333
14923,133.333333333333
14924,67.2083333333333
14925,67.4583333333333
14926,16
14927,21.7083333333333
14928,59.4166666666667
14929,143.041666666667
14930,330.875
14931,385.083333333333
14932,366.958333333333
14933,295.708333333333
14934,119.458333333333
14935,79.2727272727273
14936,232.041666666667
14937,61.75
14938,71.875
14939,112.541666666667
14940,27.8333333333333
14941,187.916666666667
14942,181.791666666667
14943,225.166666666667
14944,258.083333333333
14945,72.875
14946,82.1666666666667
14947,172.708333333333
14948,65.5
14949,19.9583333333333
14950,58.3333333333333
14951,40.375
14952,198.708333333333
14953,95.5
14954,49.5833333333333
14955,116.75
14956,15.6666666666667
14957,17.125
14958,22.7916666666667
14959,55.6666666666667
14960,121.625
14961,278.166666666667
14962,137.833333333333
14963,210.666666666667
14964,441.5
14965,121.791666666667
14966,24.0833333333333
14967,47.75
14968,56.75
14969,47.2083333333333
14970,77
14971,30.5416666666667
14972,34.2916666666667
14973,17.7083333333333
14974,18.6086956521739
14975,36
14976,37.875
14977,169.291666666667
14978,82.7916666666667
14979,19.625
14980,16.0833333333333
14981,50.9166666666667
14982,77.0666666666667
14984,82.8888888888889
14985,24.5
14986,66.9166666666667
14987,121.5
14988,16.9166666666667
14989,16.875
14990,39.3333333333333
14991,33.9166666666667
14992,20.625
14993,20.5416666666667
14994,43.2083333333333
14995,74.4583333333333
14996,48.7916666666667
14997,14.4166666666667
14998,48.4583333333333
14999,31.1666666666667
15000,71.4583333333333
15001,27.875
15002,17
15003,12.6666666666667
15004,21.2083333333333
15005,29.1666666666667
15006,37.2083333333333
15007,52.9166666666667
15008,110.208333333333
15009,120.458333333333
15010,120.625
15011,48.75
15012,146.416666666667
15013,93.2916666666667
15014,124.666666666667
15015,68.1666666666667
15016,58.0416666666667
15017,29.375
15018,72
15019,36.9166666666667
15020,211.916666666667
15021,267.166666666667
15022,214.5
15023,186.458333333333
15024,190.25
15025,359.416666666667
15026,492.75
15027,397.291666666667
15028,417.458333333333
15029,128.333333333333
15030,70.375
15031,79.7083333333333
15032,54.375
15033,19.0833333333333
15034,23.375
15035,25.5
15036,17.125
15037,60.4583333333333
15038,96.375
15039,14.1578947368421
15040,19.3333333333333
15041,16.695652173913
15042,22.75
15043,47.9583333333333
15044,101.916666666667
15045,280.375
15046,159.75
15047,15.0416666666667
15048,16.0416666666667
15049,42.0416666666667
15050,113.35
15054,20.5555555555556
15055,17.9583333333333
15056,21.2608695652174
15057,10.375
15058,22.2083333333333
15059,61
15060,23.6666666666667
15061,46.75
15062,80.0833333333333
15063,103.1
15064,225.222222222222
15065,37.695652173913
15066,62.5416666666667
15067,131.6
15068,129.375
15069,210.75
15070,133.666666666667
15072,39.75
15073,98.7692307692308
15074,20.3478260869565
15075,21.4583333333333
15076,107.833333333333
15077,166.791666666667
15078,119.733333333333
15079,28.4
15080,91.6666666666667
15081,60.304347826087
15082,18.125
15083,77.5833333333333
15084,146.208333333333
15085,125.769230769231
15086,42.6666666666667
15087,13.125
15088,18.2608695652174
15089,111.833333333333
15090,75.2916666666667
15091,43.7083333333333
15092,85.2857142857143
15093,167.411764705882
15094,163.291666666667
15095,62.75
15096,23.1666666666667
15097,22.625
15098,67.5
15099,109.291666666667
15100,50.4166666666667
15101,33.8695652173913
15102,60.7916666666667
15103,49.7916666666667
15104,35.6666666666667
15105,103.333333333333
15106,41.5416666666667
15107,32.4583333333333
15108,30.7916666666667
15109,40.0416666666667
15110,51.875
15111,155.166666666667
15112,173.458333333333
15113,13.5833333333333
15114,33
15115,42.375
15116,66.5833333333333
15117,102.833333333333
15118,70.25
15119,61.7391304347826
15120,105.7
15121,111
15122,141.083333333333
15123,107.666666666667
15124,54.25
15125,12.4782608695652
15126,17.9565217391304
15127,79.4583333333333
15128,29.4583333333333
15129,39.9473684210526
15130,86.7916666666667
15131,99.4285714285714
15132,136.25
15133,26.625
15134,132.208333333333
15135,114.791666666667
15136,64.2916666666667
15137,23.3333333333333
15138,90.125
15139,150.541666666667
15140,151.375
15141,114.083333333333
15142,102.041666666667
15143,185.5
15144,196.416666666667
15145,179.166666666667
15146,145
15147,249.666666666667
15148,135.791666666667
15149,27.0416666666667
15150,35.4166666666667
15151,50.9166666666667
15152,59.9583333333333
15153,143
15154,235.666666666667
15155,142.291666666667
15156,136.5
15157,161.708333333333
15158,105.083333333333
15159,64.2916666666667
15160,125.5
15161,167.791666666667
15162,26.9166666666667
15163,23.0833333333333
15164,23
15165,87
15166,191.791666666667
15167,111.291666666667
15168,93.7083333333333
15169,103.166666666667
15170,75.4166666666667
15171,74.75
15172,105
15173,105.958333333333
15174,97.8333333333333
15175,44.375
15176,90.1666666666667
15177,174.708333333333
15178,292.416666666667
15179,226.75
15180,51.6666666666667
15181,47.9583333333333
15182,67.4583333333333
15183,210
15184,130.625
15185,41.7916666666667
15186,64.05
15189,62.9230769230769
15190,105.826086956522
15191,150.333333333333
15192,108.5
15194,100.5
15195,173.909090909091
15196,64
15197,101.272727272727
15198,133.333333333333
15199,121.125
15200,105.875
15201,112.625
15202,16.875
15203,50
15204,21.4583333333333
15205,59.125
15206,77.4583333333333
15207,85.9090909090909
15208,106.727272727273
15209,92
15210,104.8
15211,100.708333333333
15212,90.875
15213,88.4583333333333
15214,85.7083333333333
15215,127.260869565217
15216,164.541666666667
15217,238.791666666667
15218,28.875
15219,55.5416666666667
15220,89.625
15221,87.4583333333333
15222,89.375
15223,118.333333333333
15224,158.416666666667
15225,36.6666666666667
15226,21.5
15227,21.0833333333333
15228,44.8333333333333
15229,122.25
15230,121.458333333333
15231,158.5
15232,149.166666666667
15233,22.7083333333333
15234,18.9166666666667
15235,21.4583333333333
15236,29.375
15237,36.7083333333333
15238,40.9583333333333
15239,53.1666666666667
15240,119.041666666667
15241,146.416666666667
15242,265.25
15243,211.478260869565
15244,217.291666666667
15245,295.875
15246,45.4166666666667
15247,26.7916666666667
15248,39.7083333333333
15249,25.5
15250,37.5833333333333
15254,148.222222222222
15255,197.291666666667
15256,356.625
15257,70.125
15258,118.458333333333
15259,229.652173913043
15260,91.625
15261,12.625
15262,14.625
15263,16.2083333333333
15264,32.875
15265,93.5
15266,177.541666666667
15267,287.958333333333
15268,253.333333333333
15269,318.875
15270,174.416666666667
15271,16.9565217391304
15272,30.0588235294118
15273,122.8125
15274,205.583333333333
15275,177.458333333333
15276,232
15277,281.916666666667
15278,246.625
15279,196.045454545455
15280,40.9166666666667
15281,70.2916666666667
15282,96.5833333333333
15283,31.8333333333333
15284,66.25
15285,58.125
15286,52.7916666666667
15287,38
15288,68.0416666666667
15289,155.958333333333
15290,46.6666666666667
15291,29.7916666666667
15292,152.25
15293,203.75
15294,218.181818181818
15295,121.791666666667
15296,84.125
15297,20.125
15298,62.125
15299,144
15300,151.625
15301,23
15302,186.625
15303,214.666666666667
15304,246.791666666667
15305,227.125
15306,125.208333333333
15307,67.25
15308,98.9565217391304
15309,162.958333333333
15310,330.208333333333
15311,113.833333333333
15312,266.458333333333
15313,314.666666666667
15314,244.041666666667
15315,113.916666666667
15316,10.8333333333333
15317,18.6666666666667
15318,36.5833333333333
15319,83.7083333333333
15320,49.4166666666667
15321,156.916666666667
15322,14.4583333333333
15323,14.5
15324,26.4166666666667
15325,107.583333333333
15326,52.125
15327,62.7916666666667
15328,84.375
15329,21
15330,30.4166666666667
15331,54.625
15332,43.3333333333333
15333,85.625
15334,145.833333333333
15335,198.875
15336,160.5
15337,61.75
15338,136.625
15339,163.666666666667
15340,72.25
15341,63.4166666666667
15342,14.7916666666667
15343,33.8333333333333
15344,117.208333333333
15345,113.5
15346,118
15347,170.458333333333
15348,176.75
15349,231.791666666667
15350,55.9583333333333
15351,153.666666666667
15352,60.75
15353,87
15356,327.615384615385
15357,402.333333333333
15358,428.541666666667
15359,39.4166666666667
15360,15.625
15361,56.5416666666667
15362,193.791666666667
15363,19.4583333333333
15364,67.4583333333333
15365,107.125
15366,72
15367,90.75
15368,43.2916666666667
15369,119.625
15370,71.5
15371,18.9166666666667
15372,29.875
15373,68.9583333333333
15374,39.5833333333333
15375,133.541666666667
15376,76
15377,11.7083333333333
15378,15.125
15379,47.0416666666667
15380,28.5416666666667
15381,92
15382,106.333333333333
15383,212.125
15384,100.458333333333
15385,108.875
15386,13.7083333333333
15387,14.0416666666667
15388,36.375
15389,68.2083333333333
15390,146.25
15391,119.333333333333
15392,162.583333333333
15393,26.2916666666667
15394,92.9166666666667
15395,24.7916666666667
15396,62.125
15397,195.291666666667
15398,204.75
15399,229.277777777778
15400,250.958333333333
15401,121.375
15402,93.0909090909091
15403,131.75
15404,165.416666666667
15405,22.0416666666667
15406,18.4782608695652
15407,17.5833333333333
15408,93.0833333333333
15409,35.7083333333333
15410,23.75
15411,73.375
15412,112.458333333333
15413,32.6086956521739
15414,101.125
15415,273.916666666667
15416,195.666666666667
15417,42.25
15418,101.791666666667
15419,135.541666666667
15420,284.291666666667
15421,157.333333333333
15422,30.9583333333333
15423,19.4166666666667
15424,44.0416666666667
15425,160.375
15426,110.125
15427,46.25
15428,46.4166666666667
15429,16.8333333333333
15430,26.5
15431,56.5833333333333
15432,41.5416666666667
15433,21.5833333333333
15434,16.6666666666667
15435,16.2083333333333
15436,29.75
15437,79.9166666666667
15438,50
15439,123.833333333333
15440,61.875
15441,19.5833333333333
15442,32.5
15443,54.25
15444,60.0833333333333
15445,73.5
15446,33.0416666666667
15447,122.375
15448,155.5
15449,115.625
15450,144.458333333333
15451,167.875
15452,170.125
15453,249.416666666667
15454,91.875
15455,20.875
15456,77.5416666666667
15457,74.4782608695652
15458,116.958333333333
15459,176.125
15460,180.375
15461,176.083333333333
15462,100.625
15463,70.0416666666667
15464,116.434782608696
15465,96.9583333333333
15466,105.708333333333
15467,87.7916666666667
15468,83.7916666666667
15469,113.583333333333
15470,181.375
15471,153.083333333333
15472,104.541666666667
15473,135.291666666667
15474,44.1666666666667
15475,33.75
15476,28.2916666666667
15477,55.9583333333333
15478,96.8333333333333
15479,156.157894736842
15481,147.076923076923
15482,87.75
15483,29.5833333333333
15484,36
15485,55.0833333333333
15486,78.6666666666667
15487,117.125
15488,126.954545454545
15489,67.1666666666667
15490,15.875
15491,64.9583333333333
15492,80.4583333333333
15493,127.083333333333
15494,164.5
15495,113.083333333333
15496,64.9166666666667
15497,142.666666666667
15498,63.25
15499,75.75
15500,110.875
15501,12.25
15502,29.8333333333333
15503,20.2916666666667
15504,70.125
15505,9.79166666666667
15506,11.0555555555556
15507,25.0833333333333
15508,78.6666666666667
15509,180.958333333333
15510,183.608695652174
15511,176.695652173913
15512,182.909090909091
15513,106.041666666667
15514,168.083333333333
15515,158.695652173913
15516,90.2916666666667
15517,109.166666666667
15518,68.2916666666667
15519,117.083333333333
15520,83.2173913043478
15521,69.0833333333333
15522,137.727272727273
15523,35.2608695652174
15524,36.5217391304348
15525,85.7391304347826
15526,95.2916666666667
15527,125.375
15528,161.625
15529,142.791666666667
15530,94.6666666666667
15531,45.5833333333333
15532,64.1666666666667
15533,23.5454545454545
15534,25.625
15535,32.3333333333333
15536,40.75
15537,76.4583333333333
15538,83.2608695652174
15539,87.1304347826087
15540,125.208333333333
15541,201.875
15542,162.791666666667
15543,15.9583333333333
15544,31.9583333333333
15545,69.8333333333333
15546,82.7916666666667
15547,56.4782608695652
15548,82.4583333333333
15549,106.933333333333
15551,54.8333333333333
15552,25
15553,12.9583333333333
15554,21.0833333333333
15555,55.3478260869565
15556,25.4583333333333
15557,48.7083333333333
15558,63.6666666666667
15559,68.4166666666667
15560,74.9166666666667
15561,38.3333333333333
15562,79.0416666666667
15563,109.4375
15565,25
15566,55
15567,54.1666666666667
15568,75.5909090909091
15569,129.95652173913
15570,177.8
15573,16.8333333333333
15574,20
15575,78.2916666666667
15576,86.625
15577,126.166666666667
15578,155.916666666667
15579,64.625
15580,87.5833333333333
15581,107.583333333333
15582,236.958333333333
15583,185.541666666667
15584,157.083333333333
15585,29.7083333333333
15586,9.58333333333333
15587,14.25
15588,32.5
15589,94.7083333333333
15590,81.5416666666667
15591,50.9583333333333
15592,112.208333333333
15593,130.458333333333
15594,105.291666666667
15595,18.2916666666667
15596,14.6666666666667
15597,17
15598,34.9583333333333
15599,55.304347826087
15600,42.2083333333333
15601,31.5416666666667
15602,57.2083333333333
15603,112.708333333333
15604,147.791666666667
15605,109.666666666667
15606,105.333333333333
15607,63.125
15608,61.8333333333333
15609,27.6086956521739
15610,36.3809523809524
15611,3.18181818181818
15612,15
15613,15.4583333333333
15614,53.5833333333333
15615,155.666666666667
15616,53.9565217391304
15617,13.5416666666667
15618,50.5
15619,94.0416666666667
15620,127.958333333333
15621,263.25
15622,106.041666666667
15623,19.875
15624,131.416666666667
15625,170.916666666667
15626,35.0833333333333
15627,43.5416666666667
15628,101.958333333333
15629,39.2608695652174
15630,25.8333333333333
15631,62.5833333333333
15632,176.916666666667
15633,202.739130434783
15634,48.4583333333333
15635,26.0833333333333
15636,78.5
15637,108.666666666667
15638,196.291666666667
15639,280.333333333333
15640,146.208333333333
15641,25.8333333333333
15642,38.375
15643,31.2608695652174
15644,32.625
15645,96.3333333333333
15646,164.25
15647,139.833333333333
15648,19.8333333333333
15649,27.5416666666667
15650,83.4583333333333
15651,65
15652,56.4583333333333
15653,105.708333333333
15654,71.9166666666667
15655,11.7916666666667
15656,21
15657,13.375
15658,41.1666666666667
15659,142.5
15660,116.375
15661,70.375
15662,123
15663,23.7894736842105
15664,124.666666666667
15665,270.291666666667
15666,144.375
15667,45.9166666666667
15668,159.666666666667
15669,148.041666666667
15670,30.4545454545455
15671,183.791666666667
15672,22.2916666666667
15673,74.1666666666667
15674,31
15675,85
15676,243.166666666667
15677,57.125
15678,91.8333333333333
15679,13.875
15680,75.125
15681,54.2916666666667
15682,13.125
15683,22.9565217391304
15684,77.25
15685,136
15686,201.125
15687,220.083333333333
15688,207.75
15689,267.541666666667
15690,132.041666666667
15691,27.125
15692,40.9583333333333
15693,198.166666666667
15694,243.130434782609
15695,115
15696,24.2083333333333
15697,11.8
15702,241.833333333333
15703,32.75
15704,22
15705,84.25
15706,15.8333333333333
15707,18.625
15708,25.0833333333333
15709,85.5
15710,61.1666666666667
15711,139.958333333333
15712,146.166666666667
15713,118.833333333333
15714,61.9166666666667
15715,248.291666666667
15716,361.25
15717,568.565217391304
15718,416.260869565217
15719,299.5
15720,114.95652173913
15721,112
15722,75.7916666666667
15723,276.833333333333
15724,189.416666666667
15725,107.25
15726,147.833333333333
15727,198.875
15728,378.083333333333
15729,19.4166666666667
15730,73.9583333333333
15731,161.375
15732,312.958333333333
15733,406.375
15734,429.782608695652
15735,277.916666666667
15736,173.5
15737,34.5833333333333
15738,49.0833333333333
15739,188.875
15740,37.5416666666667
15741,93.4166666666667
15742,93.75
15743,12.6666666666667
15744,60.3333333333333
15745,188.583333333333
15746,59.8333333333333
15747,65.2916666666667
15748,119.125
15749,315.041666666667
15750,70.304347826087
15751,40.5416666666667
15752,145.375
15753,124.041666666667
15754,22.375
15755,32.9583333333333
15756,83.4166666666667
15757,212.666666666667
15758,85.0833333333333
15759,149
15760,332.875
15761,159.458333333333
15762,216.416666666667
15763,245.708333333333
15764,221.125
15765,10.5
15766,48.8333333333333
15767,101
15768,25.0869565217391
15769,183.416666666667
15770,226.04347826087
15771,318.458333333333
15772,222.166666666667
15773,64.4583333333333
15774,42.125
15775,126.583333333333
15776,147.208333333333
15777,22.0416666666667
15778,112.782608695652
15779,257.541666666667
15780,265.217391304348
15781,351.291666666667
15782,52.7083333333333
15783,56.1666666666667
15784,64.9166666666667
15785,157.625
15786,64.5
15787,55.1666666666667
15788,23.3333333333333
15789,113.652173913043
15790,196.541666666667
15791,92.7083333333333
15792,37.0833333333333
15793,95.9166666666667
15794,94.5833333333333
15795,200.458333333333
15796,95.6666666666667
15797,116.782608695652
15798,123.458333333333
15799,83.2916666666667
15800,61.5
15801,15.125
15802,79.9583333333333
15803,19.2916666666667
15804,11.4166666666667
15805,12.4583333333333
15806,18.9130434782609
15807,51.7083333333333
15808,59.25
15809,30.8333333333333
15810,68.4347826086957
15811,61.3181818181818
15812,47.125
15813,11.7916666666667
15814,54.625
15815,78.5416666666667
15816,130.875
15817,171.583333333333
15818,206.291666666667
15819,78.875
15820,17.25
15821,72.4166666666667
15822,72.7083333333333
15823,71.7083333333333
15824,30.0416666666667
15825,21.4166666666667
15826,45.7083333333333
15827,82.9166666666667
15828,64.125
15829,86.625
15830,186.291666666667
15831,214.291666666667
15832,178.958333333333
15833,124.291666666667
15834,49.7083333333333
15835,48.75
15836,53.2083333333333
15837,48.9166666666667
15838,104.5
15839,62.8333333333333
15840,67.5
15841,68.75
15842,108.8
15843,85.8823529411765
15844,54.5
15845,48.625
15846,101.541666666667
15847,62.7083333333333
15848,87.0833333333333
15849,115.541666666667
15850,63.8333333333333
15851,103.458333333333
15852,76.5416666666667
15853,83.3913043478261
15854,20.4166666666667
15855,59.375
15856,91.625
15857,73.1666666666667
15858,155.708333333333
15859,131.791666666667
15860,129.875
15861,146.958333333333
15862,153.75
15863,137.166666666667
15864,174.791666666667
15865,56.75
15866,32.2083333333333
15867,61.9583333333333
15868,67.9583333333333
15869,107.416666666667
15870,108.166666666667
15871,125.708333333333
15872,174.458333333333
15873,35.8333333333333
15874,53.7083333333333
15875,51.5
15876,91.9545454545455
15877,77.5833333333333
15878,59.7916666666667
15879,68.8333333333333
15880,108.791666666667
15881,127.375
15882,157.75
15883,92.7083333333333
15884,294.458333333333
15885,104.416666666667
15886,180.416666666667
15887,143.291666666667
15888,17.4583333333333
15889,31.8333333333333
15890,28.2916666666667
15891,23.125
15892,60.9583333333333
15893,92.375
15894,91.2916666666667
15895,83.2916666666667
15896,36.8333333333333
15897,41.25
15898,72.7083333333333
15899,107.708333333333
15900,87.5
15901,62.5
15902,26.625
15903,49.9565217391304
15904,134.958333333333
15905,123.583333333333
15906,98.625
15907,70.875
15908,100.611111111111
15909,43.3333333333333
15910,40
15911,33.2916666666667
15912,55.3333333333333
15913,111.458333333333
15914,58.375
15915,69.25
15916,99.8333333333333
15917,44.125
15918,46.5833333333333
15919,69.125
15920,34.75
15921,82.3333333333333
15922,45.4166666666667
15923,125.458333333333
15924,31.375
15925,32.2916666666667
15926,37.3333333333333
15927,88.875
15928,122.291666666667
15929,54.25
15930,78.0416666666667
15931,62.4583333333333
15932,106
15933,106.666666666667
15934,38.875
15935,15.8260869565217
15936,25.7916666666667
15937,94.304347826087
15938,100.958333333333
15939,121.238095238095
15940,58.3333333333333
15941,39.375
15942,43.7916666666667
15943,54.2083333333333
15944,53.6666666666667
15945,76.2083333333333
15946,32
15947,16.8
15948,24.625
15949,49.125
15950,60.3333333333333
15951,101.708333333333
15952,78.875
15953,25.9166666666667
15954,80.2916666666667
15955,81.7083333333333
15956,108.416666666667
15957,87.5833333333333
15958,67.1666666666667
15959,72.2083333333333
15960,150.791666666667
15961,108.227272727273
15962,69
15963,24
15964,60.5
15965,103.666666666667
15966,115.541666666667
15967,123.75
15968,65.125
15969,51.4166666666667
15970,95.6666666666667
15971,38.8333333333333
15972,14.6666666666667
15973,18.125
15974,59.9565217391304
15975,193.708333333333
15976,246.833333333333
15977,226.625
15978,147.75
15979,71.4583333333333
15980,19.5416666666667
15981,61.0416666666667
15982,168.166666666667
15983,306
15984,213.416666666667
15985,91.2916666666667
15986,63.5
15987,146.5
15988,81.5833333333333
15989,59.2916666666667
15990,70.4583333333333
15991,57.3333333333333
15992,37.8333333333333
15993,23.2916666666667
15994,64.0416666666667
15995,162.833333333333
15996,248.166666666667
15997,68
15998,29.5833333333333
15999,100.166666666667
16000,147.818181818182
16001,25.75
16002,23.75
16003,47.2916666666667
16004,73.375
16005,228.541666666667
16006,314.333333333333
16007,29.875
16008,98.7916666666667
16009,167.375
16010,217
16011,286.791666666667
16012,47.4583333333333
16013,53.25
16014,203.458333333333
16015,113.666666666667
16016,44.5
16017,162.708333333333
16018,96.875
16019,19.3333333333333
16020,41.625
16021,62.5
16022,198.291666666667
16023,66.0416666666667
16024,118.375
16025,47.3333333333333
16026,13.8333333333333
16027,11.7083333333333
16028,42.2173913043478
16029,77.625
16030,131
16031,174.166666666667
16032,221.695652173913
16033,93.9583333333333
16034,24.0833333333333
16035,26.2083333333333
16036,7.41666666666667
16037,27.1666666666667
16038,59.5416666666667
16039,34.7083333333333
16040,84.7083333333333
16041,136.583333333333
16042,89.75
16043,112.75
16044,49.2916666666667
16045,164.916666666667
16046,348.5
16047,214.416666666667
16048,19.4583333333333
16049,27.25
16050,30.7916666666667
16051,22.7083333333333
16052,69.5416666666667
16053,62.9166666666667
16054,59.375
16055,183.375
16056,77.5
16057,56.2916666666667
16058,41.25
16059,36.5
16060,91.2916666666667
16061,181.208333333333
16062,145.75
16063,316.75
16064,170.125
16065,14.625
16066,32.625
16067,21.7826086956522
16068,53.3529411764706
16069,45.2142857142857
16070,49.3333333333333
16071,58.4166666666667
16072,167.625
16073,54.4583333333333
16074,154.875
16075,101.416666666667
16076,154.583333333333
16077,112.875
16078,21.4166666666667
16079,33.125
16080,81.2916666666667
16081,152.625
16082,28.5263157894737
16083,127.875
16084,119.458333333333
16085,210.375
16086,448.416666666667
16087,154.5
16088,76.75
16089,124.75
16090,10.25
16091,47.2083333333333
16092,162.954545454545
16093,288.416666666667
16094,152.375
16095,33.7083333333333
16096,59
16097,96.1666666666667
16098,46.5833333333333
16099,149.291666666667
16100,71.3333333333333
16101,166.208333333333
16102,155.083333333333
16103,68.9166666666667
16104,7.125
16105,29.9583333333333
16106,103.833333333333
16107,143.25
16108,102.875
16109,56
16110,13.4583333333333
16111,26.2083333333333
16112,131.25
16113,145.583333333333
16114,210.958333333333
16115,299.666666666667
16116,363.791666666667
16117,264.833333333333
16118,75.7916666666667
16119,70.2608695652174
16120,79.8333333333333
16121,271
16122,330.416666666667
16123,335.541666666667
16124,295.95652173913
16125,352.583333333333
16126,449.75
16127,386.416666666667
16128,20.375
16129,102.666666666667
16130,83.125
16131,162.125
16132,243.541666666667
16133,49.2916666666667
16134,24.875
16135,20.375
16136,61.5
16137,175.75
16138,119.75
16139,108.5
16140,195.791666666667
16141,19.1666666666667
16142,22.25
16143,24.875
16144,114.583333333333
16145,122.291666666667
16146,85.8333333333333
16147,40.4166666666667
16148,58.6666666666667
16149,10.1666666666667
16150,28.5652173913043
16151,66.125
16152,158.666666666667
16153,245.708333333333
16154,224.208333333333
16155,317.875
16156,257.416666666667
16157,151.458333333333
16158,38.7916666666667
16159,34.2916666666667
16160,155.291666666667
16161,130.291666666667
16162,105.458333333333
16163,23.375
16164,32.2916666666667
16165,26.5
16166,57.7916666666667
16167,99.9583333333333
16168,168.041666666667
16169,146.583333333333
16170,86.2173913043478
16171,61.4166666666667
16172,119.625
16173,163.25
16174,238.181818181818
16175,66.6666666666667
16176,68.75
16177,118.75
16178,142.708333333333
16179,64
16180,68.25
16181,50.7916666666667
16182,77.4166666666667
16183,121.208333333333
16184,113.666666666667
16185,121.041666666667
16186,39.5416666666667
16187,67.3333333333333
16188,69.125
16189,105.708333333333
16190,111.875
16191,121.583333333333
16192,37.7916666666667
16193,81.0833333333333
16194,47.4166666666667
16195,46.625
16196,101.5
16197,89.4166666666667
16198,87.75
16199,67.625
16200,54.375
16201,30.6666666666667
16202,47.3333333333333
16203,58.6666666666667
16204,22.875
16205,85.875
16206,74.9166666666667
16207,67.7083333333333
16208,102.916666666667
16209,112.875
16210,85.8636363636364
16211,102
16212,136.458333333333
16213,80.9166666666667
16214,89.625
16215,71.4166666666667
16216,20.4166666666667
16217,29.9166666666667
16218,31.4166666666667
16219,46.8333333333333
16220,90.9583333333333
16221,115.75
16222,50.7083333333333
16223,33.4166666666667
16224,41.4583333333333
16225,63.6521739130435
16226,67.8695652173913
16227,55.3478260869565
16228,12.5217391304348
16229,36.2173913043478
16230,30.3333333333333
16231,78.0416666666667
16232,43.9166666666667
16233,31.625
16234,59.7083333333333
16235,47.5
16236,115.666666666667
16237,138.5
16238,75.875
16239,71.3809523809524
16240,123.833333333333
16241,45.875
16242,54.5416666666667
16243,33.7916666666667
16244,23.0416666666667
16245,54.0833333333333
16246,97.1666666666667
16247,116.833333333333
16248,17.2083333333333
16249,20.25
16250,49.75
16251,69.625
16252,101.583333333333
16253,69.5
16254,217.5
16255,199.208333333333
16256,121.291666666667
16257,191.291666666667
16258,149.875
16259,81.375
16260,24.625
16261,31.375
16262,30.8333333333333
16263,14.5263157894737
16264,22.1666666666667
16265,29.9166666666667
16266,52.0833333333333
16267,110.291666666667
16268,146.791666666667
16269,115.75
16270,61.25
16271,60.5416666666667
16272,24.875
16273,14.7727272727273
16274,24.75
16275,69.9583333333333
16276,73.1666666666667
16277,93
16278,97.5833333333333
16279,102.541666666667
16280,107
16281,137.916666666667
16282,179.666666666667
16283,127.75
16284,96.625
16285,102.916666666667
16286,32
16287,22.7916666666667
16288,36.75
16289,61.5833333333333
16290,59.0416666666667
16291,77.9166666666667
16292,36.375
16293,22.4166666666667
16294,26.0833333333333
16295,27
16296,28.4166666666667
16297,43.4166666666667
16298,65.375
16299,48.0833333333333
16300,56.4545454545455
16301,77.2083333333333
16302,91.9333333333333
16303,117.541666666667
16304,58.2083333333333
16305,117.75
16306,19.7916666666667
16307,15.7916666666667
16308,23.3333333333333
16309,56.5416666666667
16310,83.75
16311,86.1666666666667
16312,149.208333333333
16313,89.4583333333333
16314,112.375
16315,25.5416666666667
16316,13.1666666666667
16317,43.4166666666667
16318,96.0833333333333
16319,134.583333333333
16320,141.416666666667
16321,8.91666666666667
16322,39.7916666666667
16323,69.1666666666667
16324,95.0833333333333
16325,68.0833333333333
16326,64.5
16327,44.5833333333333
16328,18.0833333333333
16329,47.4090909090909
16330,36.6666666666667
16331,68.875
16332,99.4347826086957
16333,138.708333333333
16334,89.7083333333333
16335,108.875
16336,63.9545454545455
16337,33.5
16338,121.25
16339,140.291666666667
16340,35.5833333333333
16341,66.875
16342,52.3333333333333
16343,28.2916666666667
16344,82.7083333333333
16345,67.4166666666667
16346,128.333333333333
16347,84.5416666666667
16348,33.8333333333333
16349,36
16350,152.583333333333
16351,308.833333333333
16352,378.041666666667
16353,321.125
16354,184.25
16355,6.79166666666667
16356,16.6666666666667
16357,51.8333333333333
16358,49.0416666666667
16359,42.625
16360,117.583333333333
16361,211.583333333333
16362,273.958333333333
16363,209.391304347826
16364,45.2083333333333
16365,94.875
16366,147.25
16367,267.833333333333
16368,366.958333333333
16369,71.5
16370,33
16371,69.3333333333333
16372,135.583333333333
16373,190.166666666667
16374,185.5
16375,43.2083333333333
16376,7.95833333333333
16377,27.2083333333333
16378,131.708333333333
16379,70.0833333333333
16380,15.4347826086957
16381,53.0833333333333
16382,80.25
16383,65.5
16384,81.3333333333333
16385,43.7083333333333
16386,6.54166666666667
16387,27.0434782608696
16388,46.1666666666667
16389,173.791666666667
16390,111.5
16391,26.7083333333333
16392,91
16393,327.041666666667
16394,328.85
16395,74.3125
16396,48.0833333333333
16397,133.583333333333
16398,89.875
16399,182.875
16400,308.291666666667
16401,62.25
16402,103.083333333333
16403,302.5
16404,83.3333333333333
16405,13.6666666666667
16406,56.2916666666667
16407,20.7083333333333
16408,9
16409,44.8636363636364
16410,68.9583333333333
16411,51.75
16412,58.2222222222222
16413,358.615384615385
16414,130.75
16415,24.375
16416,13.875
16417,51.3333333333333
16418,102.458333333333
16419,82.0416666666667
16420,11.25
16421,104.833333333333
16422,173.166666666667
16423,66.625
16424,9.93333333333333
16425,20.5416666666667
16426,98.9583333333333
16427,96.5
16428,14.4166666666667
16429,30.0416666666667
16430,173.166666666667
16431,247.916666666667
16432,196.416666666667
16433,151.791666666667
16434,38.625
16435,10.4583333333333
16436,54.5833333333333
16437,63.5416666666667
16438,209.25
16439,201.166666666667
16440,90.875
16441,43.1666666666667
16442,73.6666666666667
16443,168.25
16444,99.7916666666667
16445,178.75
16446,34.7083333333333
16447,109.166666666667
16448,194.541666666667
16449,238.083333333333
16450,374.826086956522
16451,88.5
16452,72.3333333333333
16453,78.0416666666667
16454,50
16455,89
16456,16.4583333333333
16457,122.291666666667
16458,227.166666666667
16459,80.0416666666667
16460,126.521739130435
16461,88
16462,20.9166666666667
16463,45.3333333333333
16464,58.625
16465,11.375
16466,39.7619047619048
16467,84.9583333333333
16468,152.708333333333
16469,106.130434782609
16470,10.9166666666667
16471,27.8333333333333
16472,73.5416666666667
16473,8.95833333333333
16474,29.2083333333333
16475,118.875
16476,131.375
16477,47.8095238095238
16478,35.5
16479,147.826086956522
16480,268.5
16481,285.041666666667
16482,110.875
16483,27.4583333333333
16484,47.4166666666667
16485,192.782608695652
16486,139.041666666667
16487,147.375
16488,42.7083333333333
16489,57.4166666666667
16490,169.25
16491,61.9583333333333
16492,15.2916666666667
16493,26.8333333333333
16494,141.458333333333
16495,39.625
16496,63.9166666666667
16497,7.75
16498,24.25
16499,112.291666666667
16500,207.791666666667
16501,228.041666666667
16502,113.958333333333
16503,7.54166666666667
16504,31.5
16505,46.2916666666667
16506,77.4583333333333
16507,69.1666666666667
16508,103.833333333333
16509,118.125
16510,216.125
16511,194.791666666667
16512,50.7916666666667
16513,92.5833333333333
16514,43.5416666666667
16515,18.6086956521739
16516,22.0416666666667
16517,36.4583333333333
16518,87.25
16519,120.5
16520,98.875
16521,84.8571428571429
16522,30.6666666666667
16523,93.8095238095238
16524,154.666666666667
16525,125.958333333333
16526,53.875
16527,35.8333333333333
16528,31.1666666666667
16529,66.5
16530,56.4166666666667
16531,21.6875
16532,25.75
16533,102.625
16534,166.75
16535,157.583333333333
16536,150.25
16537,17.4583333333333
16538,36.7916666666667
16539,64.4583333333333
16540,156.916666666667
16541,36.3913043478261
16542,79.5416666666667
16543,138.5
16544,61.0416666666667
16545,74.7083333333333
16546,61.5
16547,53.7083333333333
16548,57.2083333333333
16549,62.375
16550,89.9166666666667
16551,109.166666666667
16552,91.4166666666667
16553,49.9583333333333
16554,118.458333333333
16555,116.875
16556,120.791666666667
16557,45.125
16558,48.125
16559,25.0833333333333
16560,49.8333333333333
16561,25.0833333333333
16562,50.4166666666667
16563,55.8333333333333
16564,37.5238095238095
16565,42.875
16566,27.4347826086957
16567,33.8333333333333
16568,74.375
16569,20.625
16570,32.25
16571,50.4166666666667
16572,133.375
16573,59.6666666666667
16574,12.6666666666667
16575,15.75
16576,36.7916666666667
16577,63.5
16578,98.1666666666667
16579,114.875
16580,96.25
16581,83.1666666666667
16582,99.9166666666667
16583,108.5
16584,71.3333333333333
16585,66.7916666666667
16586,59.4166666666667
16587,105.25
16588,36.5833333333333
16589,35.1666666666667
16590,47.375
16591,49.0833333333333
16592,22.8333333333333
16593,16.125
16594,19.4166666666667
16595,53.1666666666667
16596,75.4166666666667
16597,22.1666666666667
16598,6.625
16599,15.8095238095238
16600,19.1666666666667
16601,83.304347826087
16602,94.375
16603,37.625
16604,19.5416666666667
16605,22.0416666666667
16606,24.375
16607,42.7916666666667
16608,82.5833333333333
16609,157.666666666667
16610,89.0833333333333
16611,95.8333333333333
16612,76
16613,72.7916666666667
16614,117.583333333333
16615,88.3333333333333
16616,12.7916666666667
16617,17.375
16618,8.375
16619,25.1666666666667
16620,32.2608695652174
16621,54.625
16622,57.875
16623,57.75
16624,99.875
16625,59.0833333333333
16626,43.8333333333333
16627,85.8333333333333
16628,91.5833333333333
16629,43.5416666666667
16630,32.9565217391304
16631,35.75
16632,37.2916666666667
16633,35.9583333333333
16634,42.8333333333333
16635,69.7916666666667
16636,83.0416666666667
16637,107.916666666667
16638,53.2083333333333
16639,43.4166666666667
16640,52.0416666666667
16641,80.9166666666667
16642,102.833333333333
16643,57
16644,50.6666666666667
16645,81.125
16646,37.875
16647,23.9166666666667
16648,72.4583333333333
16649,65.375
16650,60.5833333333333
16651,20.9166666666667
16652,71
16653,57.5416666666667
16654,82.3333333333333
16655,45.75
16656,54.3333333333333
16657,45.625
16658,87.0416666666667
16659,83.125
16660,109.125
16661,58.4583333333333
16662,22.5833333333333
16663,40.9583333333333
16664,73.2083333333333
16665,45.0434782608696
16666,54
16667,30.25
16668,14.5833333333333
16669,18.5416666666667
16670,18.9166666666667
16671,15.25
16672,15.4583333333333
16673,10.7916666666667
16674,12.4583333333333
16675,15.4166666666667
16676,26.9583333333333
16677,27.7916666666667
16678,28.2083333333333
16679,10.9166666666667
16680,8.58333333333333
16681,15.3333333333333
16682,49.7916666666667
16683,20.5833333333333
16684,17.1666666666667
16685,27.0416666666667
16686,60.1666666666667
16687,35.7916666666667
16688,8.83333333333333
16689,9
16690,7.625
16691,18.9583333333333
16692,58.5909090909091
16693,105.875
16694,127.166666666667
16695,138.75
16696,73.0416666666667
16697,19.0416666666667
16698,80.2916666666667
16699,79.7083333333333
16700,115.875
16701,28.6666666666667
16702,89.875
16703,19.8260869565217
16704,27.625
16705,45.8333333333333
16706,47.6666666666667
16707,41.5
16708,23.375
16709,11.8571428571429
16710,23.0833333333333
16711,23.0833333333333
16712,109.708333333333
16713,202.5
16714,267.708333333333
16715,219.958333333333
16716,8.95833333333333
16717,18.5652173913043
16718,6.26315789473684
16719,7.04166666666667
16720,13.7083333333333
16721,40.4583333333333
16722,115.5
16723,112.583333333333
16724,214.5
16725,302.666666666667
16726,51.25
16727,63.5
16728,75.1666666666667
16729,52.125
16730,29.9166666666667
16731,51.625
16732,51.0833333333333
16733,30.2916666666667
16734,30.5833333333333
16735,14.7083333333333
16736,7.75
16737,9.16666666666667
16738,25.6666666666667
16739,45.5
16740,75.5
16741,90.7916666666667
16742,165.291666666667
16743,207.583333333333
16744,102.791666666667
16745,17.25
16746,15.3333333333333
16747,54.4166666666667
16748,144.208333333333
16749,136.125
16750,117.708333333333
16751,165.583333333333
16752,206.666666666667
16753,259.291666666667
16754,202.083333333333
16755,56.7083333333333
16756,55.125
16757,62.0833333333333
16758,82.75
16759,68.5416666666667
16760,47.7916666666667
16761,50.375
16762,25.625
16763,31.4166666666667
16764,49.7083333333333
16765,36.0833333333333
16766,251.375
16767,300.541666666667
16768,253.166666666667
16769,412.75
16770,464.375
16771,6.75
16772,9.54166666666667
16773,29.375
16774,40.5416666666667
16775,160
16776,183.25
16777,270.916666666667
16778,266.208333333333
16779,96.875
16780,44.8333333333333
16781,159.041666666667
16782,188.125
16783,144.375
16784,6.08333333333333
16785,7.58333333333333
16786,60.695652173913
16787,74.2916666666667
16788,171
16789,238.208333333333
16790,241.125
16791,336.958333333333
16792,254.541666666667
16793,100.416666666667
16794,537.25
16795,254.333333333333
16796,56.2083333333333
16797,112.416666666667
16798,331.875
16799,101.75
16800,70.875
