"Time","pm2.5","TMAX","TMIN","TD"
2010-01-01,129,-16,-102,86
2010-01-02,144.333333333333,-21,-63,42
2010-01-03,78.375,-44,-99,55
2010-01-04,29.2916666666667,-85,-134,49
2010-01-05,43.5416666666667,-75,-156,81
2010-01-06,59.375,-59,-167,108
2010-01-07,72.4583333333333,-44,-135,91
2010-01-08,174.333333333333,-74,-121,47
2010-01-09,84.75,-28,-134,106
2010-01-10,55.0833333333333,-28,-110,82
2010-01-11,19.9166666666667,-24,-100,76
2010-01-12,20.5,-52,-105,53
2010-01-13,42.7083333333333,-54,-137,83
2010-01-14,92.0833333333333,1,-132,133
2010-01-15,49.8333333333333,-5,-92,87
2010-01-16,182.708333333333,-23,-107,84
2010-01-17,210,3,-95,98
2010-01-18,263.375,32,-91,123
2010-01-19,341,25,0,25
2010-01-20,70.9166666666667,55,-24,79
2010-01-21,27.75,-12,-84,72
2010-01-22,30,-3,-61,58
2010-01-23,21.5625,46,-57,103
2010-01-26,203.538461538462,20,-91,111
2010-01-27,110.708333333333,88,-28,116
2010-01-28,21.125,49,-18,67
2010-01-29,25.625,69,-55,124
2010-01-30,45.2916666666667,83,-24,107
2010-01-31,38.4166666666667,68,-32,100
2010-02-01,64.6666666666667,12,-42,54
2010-02-02,65.9166666666667,8,-86,94
2010-02-03,78.9583333333333,15,-90,105
2010-02-04,56.2083333333333,23,-68,91
2010-02-05,78.5833333333333,-2,-63,61
2010-02-06,76.6666666666667,-16,-68,52
2010-02-07,113.916666666667,-15,-61,46
2010-02-08,180.958333333333,52,-48,100
2010-02-09,147.625,45,-17,62
2010-02-10,12.2083333333333,15,-31,46
2010-02-11,14.5833333333333,-10,-45,35
2010-02-12,26.875,7,-78,85
2010-02-13,88.2083333333333,35,-95,130
2010-02-14,90.0869565217391,-5,-55,50
2010-02-15,34.2083333333333,19,-92,111
2010-02-16,96.125,23,-94,117
2010-02-17,60.75,16,-53,69
2010-02-18,84.2083333333333,51,-85,136
2010-02-19,114.875,107,-68,175
2010-02-20,180.833333333333,96,-39,135
2010-02-21,121.291666666667,143,-33,176
2010-02-22,91.8333333333333,76,-27,103
2010-02-23,174.541666666667,81,-44,125
2010-02-24,272.75,113,2,111
2010-02-25,164.958333333333,73,34,39
2010-02-26,69.2916666666667,46,-2,48
2010-02-27,80.0833333333333,29,-27,56
2010-02-28,81.2083333333333,52,-24,76
2010-03-01,59.25,-2,-43,41
2010-03-02,90.4166666666667,91,-48,139
2010-03-03,157.416666666667,60,-19,79
2010-03-04,192.333333333333,71,3,68
2010-03-05,21.7916666666667,66,-22,88
2010-03-06,51.8333333333333,16,-46,62
2010-03-07,87.8333333333333,5,-50,55
2010-03-08,45.375,-4,-46,42
2010-03-09,19.7083333333333,13,-63,76
2010-03-10,61.875,88,-67,155
2010-03-11,176.291666666667,95,-22,117
2010-03-12,43.625,100,40,60
2010-03-13,60.375,85,-8,93
2010-03-14,86.625,39,-3,42
2010-03-15,62.75,55,-8,63
2010-03-16,64.875,79,-33,112
2010-03-17,40.5833333333333,74,4,70
2010-03-18,164.75,73,-14,87
2010-03-19,226,84,33,51
2010-03-20,161.954545454545,100,49,51
2010-03-21,70.5416666666667,143,24,119
2010-03-22,160.478260869565,138,53,85
2010-03-23,53.875,131,16,115
2010-03-24,61.9166666666667,117,56,61
2010-03-25,31.0416666666667,89,6,83
2010-03-26,69.5,151,10,141
2010-03-27,69.625,121,16,105
2010-03-28,73.9166666666667,163,-9,172
2010-03-29,221.875,116,56,60
2010-03-30,251.666666666667,111,75,36
2010-03-31,113.1,162,62,100
2010-04-01,27.8636363636364,137,58,79
2010-04-02,31.625,120,45,75
2010-04-03,106.875,155,24,131
2010-04-04,124.125,220,64,156
2010-04-05,128.041666666667,170,80,90
2010-04-06,21.2916666666667,164,22,142
2010-04-07,94.75,203,51,152
2010-04-08,108.208333333333,218,93,125
2010-04-09,83.4583333333333,195,89,106
2010-04-10,34.0416666666667,154,70,84
2010-04-11,70.75,107,53,54
2010-04-12,44.5,103,61,42
2010-04-13,23.9583333333333,112,35,77
2010-04-14,55.9166666666667,136,33,103
2010-04-15,177.583333333333,98,40,58
2010-04-16,205,158,44,114
2010-04-17,152.375,121,54,67
2010-04-18,240.25,193,93,100
2010-04-19,199.5,172,129,43
2010-04-20,80.25,192,80,112
2010-04-21,39,155,119,36
2010-04-22,39.5416666666667,122,86,36
2010-04-23,33.5,213,28,185
2010-04-24,88.75,231,88,143
2010-04-25,83.8333333333333,209,98,111
2010-04-26,13.5,121,68,53
2010-04-27,25.125,146,28,118
2010-04-28,16.125,146,62,84
2010-04-29,19.0416666666667,194,51,143
2010-04-30,29.0416666666667,252,83,169
2010-05-01,69.9166666666667,322,104,218
2010-05-02,76.4166666666667,326,177,149
2010-05-03,113.291666666667,269,162,107
2010-05-04,139.25,241,144,97
2010-05-05,119.25,252,160,92
2010-05-06,20.2916666666667,283,149,134
2010-05-07,96.5,286,162,124
2010-05-08,132,259,150,109
2010-05-09,79.5833333333333,222,157,65
2010-05-10,42.375,240,121,119
2010-05-11,17.6666666666667,242,147,95
2010-05-12,43.7916666666667,236,118,118
2010-05-13,67.6666666666667,256,126,130
2010-05-14,142.75,233,151,82
2010-05-15,177.083333333333,280,154,126
2010-05-16,107.625,249,156,93
2010-05-17,69.1363636363636,198,140,58
2010-05-18,50.0833333333333,241,135,106
2010-05-19,34.4166666666667,321,132,189
2010-05-20,65.4166666666667,348,154,194
2010-05-21,113.875,291,199,92
2010-05-22,148,296,180,116
2010-05-23,123.208333333333,350,180,170
2010-05-24,42.4583333333333,298,187,111
2010-05-25,34.3333333333333,319,212,107
2010-05-26,83.7083333333333,310,216,94
2010-05-27,84.7894736842105,256,191,65
2010-05-28,134.416666666667,258,172,86
2010-05-29,137.583333333333,332,170,162
2010-05-30,41.2916666666667,296,192,104
2010-05-31,89.0833333333333,278,177,101
2010-06-01,106.45,268,174,94
2010-06-02,129.625,240,167,73
2010-06-03,110.833333333333,276,163,113
2010-06-04,80.0909090909091,281,169,112
2010-06-07,131.307692307692,308,208,100
2010-06-08,171.666666666667,314,202,112
2010-06-09,47.25,306,210,96
2010-06-10,51.7916666666667,267,200,67
2010-06-11,87.375,246,181,65
2010-06-12,106.5,294,186,108
2010-06-13,117.791666666667,302,216,86
2010-06-14,87.5833333333333,300,186,114
2010-06-15,144.458333333333,336,212,124
2010-06-16,90.9166666666667,311,237,74
2010-06-17,37,246,185,61
2010-06-18,68.2916666666667,263,186,77
2010-06-19,100.125,311,184,127
2010-06-20,74.5909090909091,337,225,112
2010-06-21,76.8333333333333,306,204,102
2010-06-22,128.777777777778,304,236,68
2010-06-23,58.0666666666667,302,196,106
2010-06-24,79.3333333333333,319,194,125
2010-06-25,166.583333333333,316,209,107
2010-06-26,169.333333333333,311,215,96
2010-06-27,118.75,316,222,94
2010-06-28,156.958333333333,310,232,78
2010-06-29,188.208333333333,310,229,81
2010-06-30,178.375,296,244,52
2010-07-01,119.375,276,231,45
2010-07-02,27.0416666666667,367,205,162
2010-07-03,70.8333333333333,378,245,133
2010-07-04,92.875,369,264,105
2010-07-05,46.2916666666667,406,250,156
2010-07-06,24.9583333333333,392,254,138
2010-07-07,57.125,343,245,98
2010-07-08,46.3333333333333,365,242,123
2010-07-09,84.5833333333333,319,222,97
2010-07-10,82.7916666666667,248,214,34
2010-07-11,167.541666666667,265,219,46
2010-07-12,122,260,222,38
2010-07-13,103.458333333333,264,225,39
2010-07-14,131.208333333333,279,241,38
2010-07-15,197.791666666667,265,244,21
2010-07-16,195.958333333333,326,237,89
2010-07-17,120.708333333333,330,249,81
2010-07-18,153.041666666667,342,251,91
2010-07-19,164.333333333333,308,227,81
2010-07-20,42.5,322,216,106
2010-07-21,71.6666666666667,333,231,102
2010-07-22,168.541666666667,345,244,101
2010-07-23,169.166666666667,355,261,94
2010-07-24,97.4583333333333,356,266,90
2010-07-25,164.041666666667,357,265,92
2010-07-26,211.583333333333,349,269,80
2010-07-27,182.666666666667,349,271,78
2010-07-28,177.041666666667,356,267,89
2010-07-29,201.208333333333,358,278,80
2010-07-30,212.375,347,270,77
2010-07-31,119.708333333333,337,292,45
2010-08-01,43.25,318,241,77
2010-08-02,68.3333333333333,332,244,88
2010-08-03,151.333333333333,324,235,89
2010-08-04,113.708333333333,295,232,63
2010-08-05,21,326,240,86
2010-08-06,22,311,217,94
2010-08-07,79.1666666666667,304,222,82
2010-08-08,100.166666666667,307,211,96
2010-08-09,242.958333333333,308,250,58
2010-08-10,141.75,330,255,75
2010-08-11,112.041666666667,282,247,35
2010-08-12,93.0416666666667,321,226,95
2010-08-13,131.842105263158,295,258,37
2010-08-16,75.2222222222222,351,231,120
2010-08-17,147,328,237,91
2010-08-18,229.875,297,252,45
2010-08-19,113.958333333333,278,213,65
2010-08-20,113,312,239,73
2010-08-21,37.1666666666667,265,203,62
2010-08-22,23.625,291,190,101
2010-08-23,85.0833333333333,307,204,103
2010-08-24,127.166666666667,289,217,72
2010-08-25,90.1666666666667,302,184,118
2010-08-26,60.1666666666667,314,206,108
2010-08-27,39.875,303,233,70
2010-08-28,51.3333333333333,316,200,116
2010-08-29,113.583333333333,316,214,102
2010-08-30,110,323,222,101
2010-08-31,88.0833333333333,293,211,82
2010-09-01,69.6666666666667,278,203,75
2010-09-02,103.375,298,216,82
2010-09-03,106.791666666667,266,202,64
2010-09-04,91.7916666666667,286,214,72
2010-09-05,119.5,296,213,83
2010-09-06,158,313,208,105
2010-09-07,129.458333333333,277,237,40
2010-09-08,97.0416666666667,273,184,89
2010-09-09,162.25,266,188,78
2010-09-10,99.7083333333333,311,187,124
2010-09-11,77.375,326,193,133
2010-09-12,124.125,324,198,126
2010-09-13,159.375,324,204,120
2010-09-14,200.458333333333,322,208,114
2010-09-15,301.75,296,221,75
2010-09-16,191.916666666667,274,230,44
2010-09-17,41.25,230,142,88
2010-09-18,23.625,184,135,49
2010-09-19,74.1578947368421,239,156,83
2010-09-20,90.4166666666667,214,174,40
2010-09-21,9,179,131,48
2010-09-27,45,227,116,111
2010-09-30,216.5,245,103,142
2010-10-01,220.875,235,134,101
2010-10-02,28.5416666666667,224,163,61
2010-10-03,9.875,237,157,80
2010-10-04,27.7083333333333,239,92,147
2010-10-05,82.125,264,106,158
2010-10-06,281.291666666667,256,131,125
2010-10-07,373.916666666667,237,138,99
2010-10-08,362.5,243,128,115
2010-10-09,363.25,227,122,105
2010-10-10,371.208333333333,190,142,48
2010-10-11,10.5833333333333,204,131,73
2010-10-12,58.4545454545455,190,77,113
2010-10-13,110.958333333333,225,87,138
2010-10-14,15.125,211,147,64
2010-10-15,43.1666666666667,207,97,110
2010-10-16,72.5833333333333,192,79,113
2010-10-17,48.125,131,79,52
2010-10-18,66.125,92,66,26
2010-10-19,73.375,115,65,50
2010-10-20,82.4166666666667,120,74,46
2010-10-21,128.375,130,102,28
2010-10-22,168.666666666667,143,112,31
2010-10-23,220.125,158,123,35
2010-10-24,91.0416666666667,148,75,73
2010-10-25,10.9583333333333,140,40,100
2010-10-26,14.4166666666667,91,29,62
2010-10-27,92.5,113,-2,115
2010-10-28,71.9166666666667,178,4,174
2010-10-29,52.3333333333333,198,26,172
2010-10-30,52.75,202,34,168
2010-10-31,72,203,37,166
2010-11-01,65.5,158,54,104
2010-11-03,111.1,195,16,179
2010-11-04,66.5,198,40,158
2010-11-05,105.416666666667,203,37,166
2010-11-06,280.583333333333,175,56,119
2010-11-07,50.7083333333333,147,85,62
2010-11-08,13,118,30,88
2010-11-09,64.4583333333333,105,-13,118
2010-11-10,133.333333333333,121,-3,124
2010-11-11,67.2083333333333,121,49,72
2010-11-12,67.4583333333333,127,9,118
2010-11-13,16,99,42,57
2010-11-14,21.7083333333333,78,-14,92
2010-11-15,59.4166666666667,64,-35,99
2010-11-16,143.041666666667,126,-24,150
2010-11-17,330.875,109,-10,119
2010-11-18,385.083333333333,99,12,87
2010-11-19,366.958333333333,138,9,129
2010-11-20,295.708333333333,136,26,110
2010-11-21,119.458333333333,114,32,82
2010-11-22,79.2727272727273,107,-12,119
2010-11-23,232.041666666667,85,-15,100
2010-11-24,61.75,79,-9,88
2010-11-25,71.875,71,-48,119
2010-11-26,112.541666666667,42,-31,73
2010-11-27,27.8333333333333,80,0,80
2010-11-28,187.916666666667,67,-34,101
2010-11-29,181.791666666667,43,-16,59
2010-11-30,225.166666666667,32,-33,65
2010-12-01,258.083333333333,22,11,11
2010-12-02,72.875,81,-1,82
2010-12-03,82.1666666666667,60,-50,110
2010-12-04,172.708333333333,77,-34,111
2010-12-05,65.5,134,-21,155
2010-12-06,19.9583333333333,56,-4,60
2010-12-07,58.3333333333333,68,-45,113
2010-12-08,40.375,85,-7,92
2010-12-09,198.708333333333,59,-16,75
2010-12-10,95.5,87,-10,97
2010-12-11,49.5833333333333,25,-50,75
2010-12-12,116.75,27,-41,68
2010-12-13,15.6666666666667,14,-54,68
2010-12-14,17.125,-24,-88,64
2010-12-15,22.7916666666667,-35,-110,75
2010-12-16,55.6666666666667,20,-83,103
2010-12-17,121.625,68,-68,136
2010-12-18,278.166666666667,64,-49,113
2010-12-19,137.833333333333,118,-33,151
2010-12-20,210.666666666667,120,-39,159
2010-12-21,441.5,74,-21,95
2010-12-22,121.791666666667,75,-28,103
2010-12-23,24.0833333333333,33,-72,105
2010-12-24,47.75,-33,-113,80
2010-12-25,56.75,-21,-84,63
2010-12-26,47.2083333333333,19,-92,111
2010-12-27,77,69,-78,147
2010-12-28,30.5416666666667,25,-39,64
2010-12-29,34.2916666666667,16,-52,68
2010-12-30,17.7083333333333,-39,-77,38
2010-12-31,18.6086956521739,-29,-89,60
2011-01-01,36,1,-69,70
2011-01-02,37.875,-11,-68,57
2011-01-03,169.291666666667,1,-71,72
2011-01-04,82.7916666666667,29,-89,118
2011-01-05,19.625,-3,-71,68
2011-01-06,16.0833333333333,0,-67,67
2011-01-07,50.9166666666667,10,-92,102
2011-01-08,77.0666666666667,0,-58,58
2011-01-10,82.8888888888889,-3,-103,100
2011-01-11,24.5,-4,-69,65
2011-01-12,66.9166666666667,13,-103,116
2011-01-13,121.5,37,-90,127
2011-01-14,16.9166666666667,4,-48,52
2011-01-15,16.875,-27,-105,78
2011-01-16,39.3333333333333,-16,-116,100
2011-01-17,33.9166666666667,-9,-105,96
2011-01-18,20.625,-12,-104,92
2011-01-19,20.5416666666667,8,-98,106
2011-01-20,43.2083333333333,-1,-104,103
2011-01-21,74.4583333333333,18,-102,120
2011-01-22,48.7916666666667,9,-99,108
2011-01-23,14.4166666666667,-8,-78,70
2011-01-24,48.4583333333333,3,-102,105
2011-01-25,31.1666666666667,-3,-85,82
2011-01-26,71.4583333333333,10,-114,124
2011-01-27,27.875,-19,-93,74
2011-01-28,17,0,-83,83
2011-01-29,12.6666666666667,-8,-111,103
2011-01-30,21.2083333333333,38,-103,141
2011-01-31,29.1666666666667,85,-94,179
2011-02-01,37.2083333333333,93,-66,159
2011-02-02,52.9166666666667,68,-66,134
2011-02-03,110.208333333333,69,-29,98
2011-02-04,120.458333333333,79,-53,132
2011-02-05,120.625,26,-64,90
2011-02-06,48.75,110,-44,154
2011-02-07,146.416666666667,47,-17,64
2011-02-08,93.2916666666667,82,-58,140
2011-02-09,124.666666666667,30,-63,93
2011-02-10,68.1666666666667,-5,-47,42
2011-02-11,58.0416666666667,7,-83,90
2011-02-12,29.375,-26,-94,68
2011-02-13,72,-22,-66,44
2011-02-14,36.9166666666667,8,-98,106
2011-02-15,211.916666666667,27,-83,110
2011-02-16,267.166666666667,30,-70,100
2011-02-17,214.5,82,-46,128
2011-02-18,186.458333333333,77,-65,142
2011-02-19,190.25,113,-37,150
2011-02-20,359.416666666667,88,-36,124
2011-02-21,492.75,82,-22,104
2011-02-22,397.291666666667,84,-20,104
2011-02-23,417.458333333333,87,-9,96
2011-02-24,128.333333333333,118,11,107
2011-02-25,70.375,67,-41,108
2011-02-26,79.7083333333333,37,-25,62
2011-02-27,54.375,18,-9,27
2011-02-28,19.0833333333333,59,-27,86
2011-03-01,23.375,75,-17,92
2011-03-02,25.5,72,-38,110
2011-03-03,17.125,98,-7,105
2011-03-04,60.4583333333333,124,-33,157
2011-03-05,96.375,132,23,109
2011-03-06,14.1578947368421,113,58,55
2011-03-07,19.3333333333333,110,22,88
2011-03-08,16.695652173913,111,31,80
2011-03-09,22.75,126,-13,139
2011-03-10,47.9583333333333,166,-5,171
2011-03-11,101.916666666667,138,19,119
2011-03-12,280.375,173,35,138
2011-03-13,159.75,189,50,139
2011-03-14,15.0416666666667,105,50,55
2011-03-15,16.0416666666667,103,11,92
2011-03-16,42.0416666666667,114,-5,119
2011-03-17,113.35,173,-1,174
2011-03-21,20.5555555555556,93,18,75
2011-03-22,17.9583333333333,112,-18,130
2011-03-23,21.2608695652174,126,5,121
2011-03-24,10.375,124,33,91
2011-03-25,22.2083333333333,151,-3,154
2011-03-26,61,151,23,128
2011-03-27,23.6666666666667,188,35,153
2011-03-28,46.75,150,46,104
2011-03-29,80.0833333333333,212,17,195
2011-03-30,103.1,226,48,178
2011-03-31,225.222222222222,219,70,149
2011-04-01,37.695652173913,171,41,130
2011-04-02,62.5416666666667,138,34,104
2011-04-03,131.6,189,18,171
2011-04-04,129.375,205,35,170
2011-04-05,210.75,181,67,114
2011-04-06,133.666666666667,174,108,66
2011-04-08,39.75,196,37,159
2011-04-09,98.7692307692308,258,84,174
2011-04-10,20.3478260869565,225,114,111
2011-04-11,21.4583333333333,210,74,136
2011-04-12,107.833333333333,251,82,169
2011-04-13,166.791666666667,239,103,136
2011-04-14,119.733333333333,303,112,191
2011-04-15,28.4,246,162,84
2011-04-16,91.6666666666667,231,91,140
2011-04-17,60.304347826087,206,156,50
2011-04-18,18.125,208,116,92
2011-04-19,77.5833333333333,219,75,144
2011-04-20,146.208333333333,232,100,132
2011-04-21,125.769230769231,206,109,97
2011-04-22,42.6666666666667,176,70,106
2011-04-23,13.125,186,87,99
2011-04-24,18.2608695652174,216,74,142
2011-04-25,111.833333333333,182,111,71
2011-04-26,75.2916666666667,212,98,114
2011-04-27,43.7083333333333,210,70,140
2011-04-28,85.2857142857143,222,118,104
2011-04-29,167.411764705882,204,130,74
2011-04-30,163.291666666667,210,129,81
2011-05-01,62.75,273,151,122
2011-05-02,23.1666666666667,270,104,166
2011-05-03,22.625,250,145,105
2011-05-04,67.5,210,147,63
2011-05-05,109.291666666667,240,130,110
2011-05-06,50.4166666666667,264,97,167
2011-05-07,33.8695652173913,273,143,130
2011-05-08,60.7916666666667,226,124,102
2011-05-09,49.7916666666667,256,119,137
2011-05-10,35.6666666666667,254,144,110
2011-05-11,103.333333333333,275,130,145
2011-05-12,41.5416666666667,242,160,82
2011-05-13,32.4583333333333,269,177,92
2011-05-14,30.7916666666667,299,168,131
2011-05-15,40.0416666666667,274,160,114
2011-05-16,51.875,287,111,176
2011-05-17,155.166666666667,266,162,104
2011-05-18,173.458333333333,284,181,103
2011-05-19,13.5833333333333,251,167,84
2011-05-20,33,208,168,40
2011-05-21,42.375,261,115,146
2011-05-22,66.5833333333333,302,126,176
2011-05-23,102.833333333333,281,140,141
2011-05-24,70.25,271,169,102
2011-05-25,61.7391304347826,280,176,104
2011-05-26,105.7,280,176,104
2011-05-27,111,286,146,140
2011-05-28,141.083333333333,320,192,128
2011-05-29,107.666666666667,288,218,70
2011-05-30,54.25,303,201,102
2011-05-31,12.4782608695652,293,224,69
2011-06-01,17.9565217391304,322,215,107
2011-06-02,79.4583333333333,353,196,157
2011-06-03,29.4583333333333,324,235,89
2011-06-04,39.9473684210526,308,203,105
2011-06-05,86.7916666666667,329,176,153
2011-06-06,99.4285714285714,299,228,71
2011-06-07,136.25,353,199,154
2011-06-08,26.625,330,180,150
2011-06-09,132.208333333333,325,203,122
2011-06-10,114.791666666667,339,225,114
2011-06-11,64.2916666666667,292,176,116
2011-06-12,23.3333333333333,347,171,176
2011-06-13,90.125,348,200,148
2011-06-14,150.541666666667,339,232,107
2011-06-15,151.375,313,220,93
2011-06-16,114.083333333333,243,195,48
2011-06-17,102.041666666667,303,209,94
2011-06-18,185.5,347,209,138
2011-06-19,196.416666666667,331,207,124
2011-06-20,179.166666666667,355,219,136
2011-06-21,145,355,252,103
2011-06-22,249.666666666667,323,267,56
2011-06-23,135.791666666667,280,200,80
2011-06-24,27.0416666666667,272,177,95
2011-06-25,35.4166666666667,306,193,113
2011-06-26,50.9166666666667,326,197,129
2011-06-27,59.9583333333333,312,199,113
2011-06-28,143,331,222,109
2011-06-29,235.666666666667,307,234,73
2011-06-30,142.291666666667,312,233,79
2011-07-01,136.5,292,225,67
2011-07-02,161.708333333333,279,242,37
2011-07-03,105.083333333333,350,233,117
2011-07-04,64.2916666666667,348,235,113
2011-07-05,125.5,324,257,67
2011-07-06,167.791666666667,324,250,74
2011-07-07,26.9166666666667,313,200,113
2011-07-08,23.0833333333333,340,210,130
2011-07-09,23,350,209,141
2011-07-10,87,338,244,94
2011-07-11,191.791666666667,329,236,93
2011-07-12,111.291666666667,306,242,64
2011-07-13,93.7083333333333,321,239,82
2011-07-14,103.166666666667,330,241,89
2011-07-15,75.4166666666667,291,216,75
2011-07-16,74.75,314,226,88
2011-07-17,105,296,216,80
2011-07-18,105.958333333333,292,227,65
2011-07-19,97.8333333333333,298,236,62
2011-07-20,44.375,278,221,57
2011-07-21,90.1666666666667,296,237,59
2011-07-22,174.708333333333,304,243,61
2011-07-23,292.416666666667,337,261,76
2011-07-24,226.75,343,244,99
2011-07-25,51.6666666666667,313,240,73
2011-07-26,47.9583333333333,340,242,98
2011-07-27,67.4583333333333,316,230,86
2011-07-28,210,325,254,71
2011-07-29,130.625,303,232,71
2011-07-30,41.7916666666667,324,211,113
2011-07-31,64.05,359,234,125
2011-08-03,62.9230769230769,310,209,101
2011-08-04,105.826086956522,315,225,90
2011-08-05,150.333333333333,313,249,64
2011-08-06,108.5,298,241,57
2011-08-08,100.5,337,243,94
2011-08-09,173.909090909091,337,219,118
2011-08-10,64,337,220,117
2011-08-11,101.272727272727,339,249,90
2011-08-12,133.333333333333,327,255,72
2011-08-13,121.125,307,245,62
2011-08-14,105.875,294,238,56
2011-08-15,112.625,270,245,25
2011-08-16,16.875,327,228,99
2011-08-17,50,301,226,75
2011-08-18,21.4583333333333,299,211,88
2011-08-19,59.125,294,207,87
2011-08-20,77.4583333333333,309,199,110
2011-08-21,85.9090909090909,309,210,99
2011-08-22,106.727272727273,306,210,96
2011-08-23,92,301,217,84
2011-08-24,104.8,300,213,87
2011-08-25,100.708333333333,266,219,47
2011-08-26,90.875,271,203,68
2011-08-27,88.4583333333333,272,210,62
2011-08-28,85.7083333333333,290,189,101
2011-08-29,127.260869565217,298,209,89
2011-08-30,164.541666666667,304,242,62
2011-08-31,238.791666666667,316,235,81
2011-09-01,28.875,290,192,98
2011-09-02,55.5416666666667,285,192,93
2011-09-03,89.625,268,212,56
2011-09-04,87.4583333333333,296,196,100
2011-09-05,89.375,290,189,101
2011-09-06,118.333333333333,291,202,89
2011-09-07,158.416666666667,294,211,83
2011-09-08,36.6666666666667,238,170,68
2011-09-09,21.5,250,165,85
2011-09-10,21.0833333333333,209,140,69
2011-09-11,44.8333333333333,226,133,93
2011-09-12,122.25,209,139,70
2011-09-13,121.458333333333,215,187,28
2011-09-14,158.5,255,184,71
2011-09-15,149.166666666667,274,177,97
2011-09-16,22.7083333333333,248,182,66
2011-09-17,18.9166666666667,213,152,61
2011-09-18,21.4583333333333,207,118,89
2011-09-19,29.375,232,102,130
2011-09-20,36.7083333333333,261,104,157
2011-09-21,40.9583333333333,272,103,169
2011-09-22,53.1666666666667,287,106,181
2011-09-23,119.041666666667,263,139,124
2011-09-24,146.416666666667,279,142,137
2011-09-25,265.25,260,145,115
2011-09-26,211.478260869565,273,151,122
2011-09-27,217.291666666667,258,152,106
2011-09-28,295.875,228,170,58
2011-09-29,45.4166666666667,242,169,73
2011-09-30,26.7916666666667,202,112,90
2011-10-01,39.7083333333333,225,98,127
2011-10-02,25.5,203,76,127
2011-10-03,37.5833333333333,216,53,163
2011-10-07,148.222222222222,222,95,127
2011-10-08,197.291666666667,212,122,90
2011-10-09,356.625,237,165,72
2011-10-10,70.125,205,157,48
2011-10-11,118.458333333333,215,157,58
2011-10-12,229.652173913043,227,137,90
2011-10-13,91.625,214,136,78
2011-10-14,12.625,197,116,81
2011-10-15,14.625,204,101,103
2011-10-16,16.2083333333333,222,88,134
2011-10-17,32.875,192,67,125
2011-10-18,93.5,205,79,126
2011-10-19,177.541666666667,181,105,76
2011-10-20,287.958333333333,172,123,49
2011-10-21,253.333333333333,204,109,95
2011-10-22,318.875,183,102,81
2011-10-23,174.416666666667,151,94,57
2011-10-24,16.9565217391304,166,25,141
2011-10-25,30.0588235294118,155,10,145
2011-10-26,122.8125,126,50,76
2011-10-27,205.583333333333,175,48,127
2011-10-28,177.458333333333,178,52,126
2011-10-29,232,167,56,111
2011-10-30,281.916666666667,147,61,86
2011-10-31,246.625,160,104,56
2011-11-01,196.045454545455,160,126,34
2011-11-02,40.9166666666667,144,78,66
2011-11-03,70.2916666666667,158,105,53
2011-11-04,96.5833333333333,164,123,41
2011-11-05,31.8333333333333,158,104,54
2011-11-06,66.25,145,84,61
2011-11-07,58.125,139,52,87
2011-11-08,52.7916666666667,164,90,74
2011-11-09,38,162,50,112
2011-11-10,68.0416666666667,158,9,149
2011-11-11,155.958333333333,145,24,121
2011-11-12,46.6666666666667,170,82,88
2011-11-13,29.7916666666667,125,55,70
2011-11-14,152.25,116,1,115
2011-11-15,203.75,109,10,99
2011-11-16,218.181818181818,111,26,85
2011-11-17,121.791666666667,103,51,52
2011-11-18,84.125,158,57,101
2011-11-19,20.125,92,24,68
2011-11-20,62.125,71,-24,95
2011-11-21,144,82,-18,100
2011-11-22,151.625,110,24,86
2011-11-23,23,57,-10,67
2011-11-24,186.625,23,-42,65
2011-11-25,214.666666666667,50,-34,84
2011-11-26,246.791666666667,67,-9,76
2011-11-27,227.125,108,-20,128
2011-11-28,125.208333333333,114,10,104
2011-11-29,67.25,49,6,43
2011-11-30,98.9565217391304,62,-27,89
2011-12-01,162.958333333333,41,-44,85
2011-12-02,330.208333333333,2,-23,25
2011-12-03,113.833333333333,52,-59,111
2011-12-04,266.458333333333,18,-39,57
2011-12-05,314.666666666667,7,-27,34
2011-12-06,244.041666666667,42,5,37
2011-12-07,113.916666666667,51,2,49
2011-12-08,10.8333333333333,10,-51,61
2011-12-09,18.6666666666667,16,-53,69
2011-12-10,36.5833333333333,49,-55,104
2011-12-11,83.7083333333333,102,-44,146
2011-12-12,49.4166666666667,76,-19,95
2011-12-13,156.916666666667,28,-7,35
2011-12-14,14.4583333333333,38,-39,77
2011-12-15,14.5,8,-56,64
2011-12-16,26.4166666666667,-5,-79,74
2011-12-17,107.583333333333,20,-102,122
2011-12-18,52.125,38,-69,107
2011-12-19,62.7916666666667,36,-54,90
2011-12-20,84.375,42,-65,107
2011-12-21,21,36,-44,80
2011-12-22,30.4166666666667,36,-41,77
2011-12-23,54.625,51,-76,127
2011-12-24,43.3333333333333,43,-26,69
2011-12-25,85.625,48,-55,103
2011-12-26,145.833333333333,20,-70,90
2011-12-27,198.875,23,-53,76
2011-12-28,160.5,56,-62,118
2011-12-29,61.75,-8,-49,41
2011-12-30,136.625,-13,-39,26
2011-12-31,163.666666666667,48,-65,113
2012-01-01,72.25,32,-51,83
2012-01-02,63.4166666666667,24,-56,80
2012-01-03,14.7916666666667,-5,-50,45
2012-01-04,33.8333333333333,9,-84,93
2012-01-05,117.208333333333,31,-99,130
2012-01-06,113.5,-19,-71,52
2012-01-07,118,-13,-46,33
2012-01-08,170.458333333333,21,-47,68
2012-01-09,176.75,22,-84,106
2012-01-10,231.791666666667,40,-80,120
2012-01-11,55.9583333333333,-4,-100,96
2012-01-12,153.666666666667,40,-102,142
2012-01-13,60.75,49,-68,117
2012-01-14,87,59,-70,129
2012-01-17,327.615384615385,18,-13,31
2012-01-18,402.333333333333,4,-27,31
2012-01-19,428.541666666667,17,-26,43
2012-01-20,39.4166666666667,-5,-41,36
2012-01-21,15.625,-28,-107,79
2012-01-22,56.5416666666667,-28,-122,94
2012-01-23,193.791666666667,-5,-133,128
2012-01-24,19.4583333333333,-2,-92,90
2012-01-25,67.4583333333333,26,-125,151
2012-01-26,107.125,39,-103,142
2012-01-27,72,13,-98,111
2012-01-28,90.75,-6,-67,61
2012-01-29,43.2916666666667,2,-86,88
2012-01-30,119.625,-19,-82,63
2012-01-31,71.5,3,-73,76
2012-02-01,18.9166666666667,-27,-119,92
2012-02-02,29.875,-9,-107,98
2012-02-03,68.9583333333333,32,-117,149
2012-02-04,39.5833333333333,16,-78,94
2012-02-05,133.541666666667,40,-50,90
2012-02-06,76,2,-65,67
2012-02-07,11.7083333333333,-13,-108,95
2012-02-08,15.125,30,-89,119
2012-02-09,47.0416666666667,25,-68,93
2012-02-10,28.5416666666667,40,-85,125
2012-02-11,92,60,-71,131
2012-02-12,106.333333333333,17,-46,63
2012-02-13,212.125,48,-57,105
2012-02-14,100.458333333333,47,-32,79
2012-02-15,108.875,35,-72,107
2012-02-16,13.7083333333333,30,-30,60
2012-02-17,14.0416666666667,5,-63,68
2012-02-18,36.375,34,-72,106
2012-02-19,68.2083333333333,77,-87,164
2012-02-20,146.25,86,-67,153
2012-02-21,119.333333333333,50,-45,95
2012-02-22,162.583333333333,58,-20,78
2012-02-23,26.2916666666667,67,-26,93
2012-02-24,92.9166666666667,48,-35,83
2012-02-25,24.7916666666667,45,-36,81
2012-02-26,62.125,65,-35,100
2012-02-27,195.291666666667,67,-51,118
2012-02-28,204.75,85,-26,111
2012-02-29,229.277777777778,96,-25,121
2012-03-01,250.958333333333,53,-2,55
2012-03-02,121.375,25,3,22
2012-03-03,93.0909090909091,32,-7,39
2012-03-04,131.75,58,-23,81
2012-03-05,165.416666666667,50,-22,72
2012-03-06,22.0416666666667,107,-5,112
2012-03-07,18.4782608695652,111,0,111
2012-03-08,17.5833333333333,60,-31,91
2012-03-09,93.0833333333333,69,-44,113
2012-03-10,35.7083333333333,66,-17,83
2012-03-11,23.75,52,-42,94
2012-03-12,73.375,93,-54,147
2012-03-13,112.458333333333,146,-33,179
2012-03-14,32.6086956521739,128,25,103
2012-03-15,101.125,104,-29,133
2012-03-16,273.916666666667,135,36,99
2012-03-17,195.666666666667,85,20,65
2012-03-18,42.25,55,-12,67
2012-03-19,101.791666666667,65,3,62
2012-03-20,135.541666666667,110,-8,118
2012-03-21,284.291666666667,136,8,128
2012-03-22,157.333333333333,114,53,61
2012-03-23,30.9583333333333,129,29,100
2012-03-24,19.4166666666667,150,21,129
2012-03-25,44.0416666666667,152,14,138
2012-03-26,160.375,189,27,162
2012-03-27,110.125,239,51,188
2012-03-28,46.25,204,101,103
2012-03-29,46.4166666666667,236,94,142
2012-03-30,16.8333333333333,173,73,100
2012-03-31,26.5,140,60,80
2012-04-01,56.5833333333333,122,35,87
2012-04-02,41.5416666666667,105,60,45
2012-04-03,21.5833333333333,201,25,176
2012-04-04,16.6666666666667,198,47,151
2012-04-05,16.2083333333333,194,60,134
2012-04-06,29.75,236,66,170
2012-04-07,79.9166666666667,211,28,183
2012-04-08,50,254,117,137
2012-04-09,123.833333333333,269,116,153
2012-04-10,61.875,233,161,72
2012-04-11,19.5833333333333,194,106,88
2012-04-12,32.5,263,117,146
2012-04-13,54.25,274,97,177
2012-04-14,60.0833333333333,298,113,185
2012-04-15,73.5,265,134,131
2012-04-16,33.0416666666667,216,96,120
2012-04-17,122.375,258,120,138
2012-04-18,155.5,227,167,60
2012-04-19,115.625,203,132,71
2012-04-20,144.458333333333,161,120,41
2012-04-21,167.875,165,113,52
2012-04-22,170.125,218,113,105
2012-04-23,249.416666666667,245,152,93
2012-04-24,91.875,206,133,73
2012-04-25,20.875,198,144,54
2012-04-26,77.5416666666667,243,76,167
2012-04-27,74.4782608695652,236,145,91
2012-04-28,116.958333333333,202,120,82
2012-04-29,176.125,212,99,113
2012-04-30,180.375,237,115,122
2012-05-01,176.083333333333,225,159,66
2012-05-02,100.625,303,138,165
2012-05-03,70.0416666666667,330,158,172
2012-05-04,116.434782608696,330,170,160
2012-05-05,96.9583333333333,306,157,149
2012-05-06,105.708333333333,289,153,136
2012-05-07,87.7916666666667,272,184,88
2012-05-08,83.7916666666667,315,147,168
2012-05-09,113.583333333333,278,160,118
2012-05-10,181.375,305,168,137
2012-05-11,153.083333333333,264,198,66
2012-05-12,104.541666666667,235,150,85
2012-05-13,135.291666666667,253,142,111
2012-05-14,44.1666666666667,259,113,146
2012-05-15,33.75,266,108,158
2012-05-16,28.2916666666667,272,155,117
2012-05-17,55.9583333333333,294,154,140
2012-05-18,96.8333333333333,315,152,163
2012-05-19,156.157894736842,307,208,99
2012-05-21,147.076923076923,259,178,81
2012-05-22,87.75,281,200,81
2012-05-23,29.5833333333333,277,194,83
2012-05-24,36,286,181,105
2012-05-25,55.0833333333333,276,163,113
2012-05-26,78.6666666666667,332,139,193
2012-05-27,117.125,318,174,144
2012-05-28,126.954545454545,334,184,150
2012-05-29,67.1666666666667,292,186,106
2012-05-30,15.875,278,150,128
2012-05-31,64.9583333333333,278,151,127
2012-06-01,80.4583333333333,232,161,71
2012-06-02,127.083333333333,287,170,117
2012-06-03,164.5,251,190,61
2012-06-04,113.083333333333,326,175,151
2012-06-05,64.9166666666667,337,200,137
2012-06-06,142.666666666667,311,217,94
2012-06-07,63.25,316,213,103
2012-06-08,75.75,331,210,121
2012-06-09,110.875,333,189,144
2012-06-10,12.25,289,180,109
2012-06-11,29.8333333333333,324,165,159
2012-06-12,20.2916666666667,306,189,117
2012-06-13,70.125,271,191,80
2012-06-14,9.79166666666667,292,190,102
2012-06-15,11.0555555555556,298,175,123
2012-06-16,25.0833333333333,355,168,187
2012-06-17,78.6666666666667,380,211,169
2012-06-18,180.958333333333,344,257,87
2012-06-19,183.608695652174,300,211,89
2012-06-20,176.695652173913,305,215,90
2012-06-21,182.909090909091,321,220,101
2012-06-22,106.041666666667,297,207,90
2012-06-23,168.083333333333,267,221,46
2012-06-24,158.695652173913,263,223,40
2012-06-25,90.2916666666667,272,207,65
2012-06-26,109.166666666667,278,215,63
2012-06-27,68.2916666666667,286,212,74
2012-06-28,117.083333333333,254,207,47
2012-06-29,83.2173913043478,250,203,47
2012-06-30,69.0833333333333,340,215,125
2012-07-01,137.727272727273,353,231,122
2012-07-02,35.2608695652174,362,241,121
2012-07-03,36.5217391304348,365,226,139
2012-07-04,85.7391304347826,331,243,88
2012-07-05,95.2916666666667,274,223,51
2012-07-06,125.375,263,217,46
2012-07-07,161.625,323,249,74
2012-07-08,142.791666666667,308,253,55
2012-07-09,94.6666666666667,275,234,41
2012-07-10,45.5833333333333,327,210,117
2012-07-11,64.1666666666667,323,210,113
2012-07-12,23.5454545454545,324,234,90
2012-07-13,25.625,303,228,75
2012-07-14,32.3333333333333,318,237,81
2012-07-15,40.75,332,216,116
2012-07-16,76.4583333333333,339,226,113
2012-07-17,83.2608695652174,321,241,80
2012-07-18,87.1304347826087,305,231,74
2012-07-19,125.208333333333,310,246,64
2012-07-20,201.875,328,260,68
2012-07-21,162.791666666667,309,238,71
2012-07-22,15.9583333333333,354,231,123
2012-07-23,31.9583333333333,324,226,98
2012-07-24,69.8333333333333,323,247,76
2012-07-25,82.7916666666667,305,257,48
2012-07-26,56.4782608695652,270,249,21
2012-07-27,82.4583333333333,299,245,54
2012-07-28,106.933333333333,318,253,65
2012-07-30,54.8333333333333,309,254,55
2012-07-31,25,265,195,70
2012-08-01,12.9583333333333,235,199,36
2012-08-02,21.0833333333333,307,198,109
2012-08-03,55.3478260869565,306,245,61
2012-08-04,25.4583333333333,324,230,94
2012-08-05,48.7083333333333,313,248,65
2012-08-06,63.6666666666667,324,241,83
2012-08-07,68.4166666666667,320,250,70
2012-08-08,74.9166666666667,328,265,63
2012-08-09,38.3333333333333,334,235,99
2012-08-10,79.0416666666667,326,233,93
2012-08-11,109.4375,292,228,64
2012-08-13,25,297,211,86
2012-08-14,55,254,206,48
2012-08-15,54.1666666666667,316,173,143
2012-08-16,75.5909090909091,311,214,97
2012-08-17,129.95652173913,293,226,67
2012-08-18,177.8,266,230,36
2012-08-21,16.8333333333333,285,211,74
2012-08-22,20,282,168,114
2012-08-23,78.2916666666667,290,172,118
2012-08-24,86.625,293,178,115
2012-08-25,126.166666666667,290,181,109
2012-08-26,155.916666666667,297,207,90
2012-08-27,64.625,292,236,56
2012-08-28,87.5833333333333,329,226,103
2012-08-29,107.583333333333,351,226,125
2012-08-30,236.958333333333,327,245,82
2012-08-31,185.541666666667,319,250,69
2012-09-01,157.083333333333,299,240,59
2012-09-02,29.7083333333333,261,182,79
2012-09-03,9.58333333333333,256,176,80
2012-09-04,14.25,272,129,143
2012-09-05,32.5,273,139,134
2012-09-06,94.7083333333333,237,157,80
2012-09-07,81.5416666666667,255,179,76
2012-09-08,50.9583333333333,267,194,73
2012-09-09,112.208333333333,277,182,95
2012-09-10,130.458333333333,274,195,79
2012-09-11,105.291666666667,250,203,47
2012-09-12,18.2916666666667,244,184,60
2012-09-13,14.6666666666667,256,121,135
2012-09-14,17,257,127,130
2012-09-15,34.9583333333333,271,138,133
2012-09-16,55.304347826087,268,140,128
2012-09-17,42.2083333333333,278,138,140
2012-09-18,31.5416666666667,293,143,150
2012-09-19,57.2083333333333,289,149,140
2012-09-20,112.708333333333,279,166,113
2012-09-21,147.791666666667,263,177,86
2012-09-22,109.666666666667,265,189,76
2012-09-23,105.333333333333,278,169,109
2012-09-24,63.125,253,180,73
2012-09-25,61.8333333333333,239,163,76
2012-09-26,27.6086956521739,279,131,148
2012-09-27,36.3809523809524,232,139,93
2012-09-28,3.18181818181818,237,154,83
2012-09-29,15,250,96,154
2012-09-30,15.4583333333333,264,105,159
2012-10-01,53.5833333333333,261,104,157
2012-10-02,155.666666666667,259,113,146
2012-10-03,53.9565217391304,256,157,99
2012-10-04,13.5416666666667,251,103,148
2012-10-05,50.5,244,117,127
2012-10-06,94.0416666666667,249,122,127
2012-10-07,127.958333333333,247,124,123
2012-10-08,263.25,240,119,121
2012-10-09,106.041666666667,231,160,71
2012-10-10,19.875,215,108,107
2012-10-11,131.416666666667,218,75,143
2012-10-12,170.916666666667,236,95,141
2012-10-13,35.0833333333333,204,131,73
2012-10-14,43.5416666666667,188,62,126
2012-10-15,101.958333333333,171,110,61
2012-10-16,39.2608695652174,171,116,55
2012-10-17,25.8333333333333,182,40,142
2012-10-18,62.5833333333333,204,32,172
2012-10-19,176.916666666667,194,63,131
2012-10-20,202.739130434783,220,76,144
2012-10-21,48.4583333333333,152,96,56
2012-10-22,26.0833333333333,178,71,107
2012-10-23,78.5,204,46,158
2012-10-24,108.666666666667,231,63,168
2012-10-25,196.291666666667,202,79,123
2012-10-26,280.333333333333,160,113,47
2012-10-27,146.208333333333,223,102,121
2012-10-28,25.8333333333333,177,81,96
2012-10-29,38.375,173,91,82
2012-10-30,31.2608695652174,129,17,112
2012-10-31,32.625,156,12,144
2012-11-01,96.3333333333333,164,18,146
2012-11-02,164.25,138,52,86
2012-11-03,139.833333333333,111,52,59
2012-11-04,19.8333333333333,52,8,44
2012-11-05,27.5416666666667,107,44,63
2012-11-06,83.4583333333333,121,4,117
2012-11-07,65,161,15,146
2012-11-08,56.4583333333333,138,6,132
2012-11-09,105.708333333333,131,30,101
2012-11-10,71.9166666666667,99,47,52
2012-11-11,11.7916666666667,78,14,64
2012-11-12,21,96,-23,119
2012-11-13,13.375,72,8,64
2012-11-14,41.1666666666667,87,-4,91
2012-11-15,142.5,83,-32,115
2012-11-16,116.375,75,9,66
2012-11-17,70.375,106,-19,125
2012-11-18,123,96,1,95
2012-11-19,23.7894736842105,92,18,74
2012-11-20,124.666666666667,109,-14,123
2012-11-21,270.291666666667,99,-10,109
2012-11-22,144.375,80,5,75
2012-11-23,45.9166666666667,57,-34,91
2012-11-24,159.666666666667,69,-48,117
2012-11-25,148.041666666667,79,-14,93
2012-11-26,30.4545454545455,72,-8,80
2012-11-27,183.791666666667,48,-28,76
2012-11-28,22.2916666666667,74,-3,77
2012-11-29,74.1666666666667,46,-52,98
2012-11-30,31,1,-42,43
2012-12-01,85,-6,-62,56
2012-12-02,243.166666666667,-23,-63,40
2012-12-03,57.125,33,-50,83
2012-12-04,91.8333333333333,28,-74,102
2012-12-05,13.875,19,-41,60
2012-12-06,75.125,-20,-85,65
2012-12-07,54.2916666666667,0,-67,67
2012-12-08,13.125,-15,-92,77
2012-12-09,22.9565217391304,18,-85,103
2012-12-10,77.25,-4,-60,56
2012-12-11,136,0,-88,88
2012-12-12,201.125,-5,-37,32
2012-12-13,220.083333333333,-4,-21,17
2012-12-14,207.75,14,-19,33
2012-12-15,267.541666666667,24,2,22
2012-12-16,132.041666666667,12,-19,31
2012-12-17,27.125,-3,-37,34
2012-12-18,40.9583333333333,-5,-85,80
2012-12-19,198.166666666667,-25,-63,38
2012-12-20,243.130434782609,-14,-72,58
2012-12-21,115,16,-68,84
2012-12-22,24.2083333333333,-10,-80,70
2012-12-23,11.8,-58,-119,61
2012-12-28,241.833333333333,-38,-89,51
2012-12-29,32.75,-19,-59,40
2012-12-30,22,-1,-106,105
2012-12-31,84.25,2,-116,118
2013-01-01,15.8333333333333,-23,NA,NA
2013-01-02,18.625,-63,NA,NA
2013-01-03,25.0833333333333,-37,NA,NA
2013-01-04,85.5,NA,NA,NA
2013-01-05,61.1666666666667,1,-141,142
2013-01-06,139.958333333333,NA,NA,NA
2013-01-07,146.166666666667,12,NA,NA
2013-01-08,118.833333333333,NA,NA,NA
2013-01-09,61.9166666666667,NA,NA,NA
2013-01-10,248.291666666667,-22,NA,NA
2013-01-11,361.25,NA,NA,NA
2013-01-12,568.565217391304,NA,NA,NA
2013-01-13,416.260869565217,NA,NA,NA
2013-01-14,299.5,1,-95,96
2013-01-15,114.95652173913,-7,NA,NA
2013-01-16,112,NA,NA,NA
2013-01-17,75.7916666666667,NA,NA,NA
2013-01-18,276.833333333333,25,NA,NA
2013-01-19,189.416666666667,30,NA,NA
2013-01-20,107.25,-9,NA,NA
2013-01-21,147.833333333333,40,NA,NA
2013-01-22,198.875,-7,NA,NA
2013-01-23,378.083333333333,3,NA,NA
2013-01-24,19.4166666666667,NA,NA,NA
2013-01-25,73.9583333333333,-8,NA,NA
2013-01-26,161.375,NA,NA,NA
2013-01-27,312.958333333333,7,NA,NA
2013-01-28,406.375,NA,NA,NA
2013-01-29,429.782608695652,-8,-60,52
2013-01-30,277.916666666667,-13,NA,NA
2013-01-31,173.5,NA,NA,NA
2013-02-01,34.5833333333333,31,NA,NA
2013-02-02,49.0833333333333,NA,-72,NA
2013-02-03,188.875,-9,NA,NA
2013-02-04,37.5416666666667,19,-56,75
2013-02-05,93.4166666666667,NA,NA,NA
2013-02-06,93.75,NA,NA,NA
2013-02-07,12.6666666666667,-27,NA,NA
2013-02-08,60.3333333333333,-26,NA,NA
2013-02-09,188.583333333333,NA,-112,NA
2013-02-10,59.8333333333333,NA,NA,NA
2013-02-11,65.2916666666667,-10,NA,NA
2013-02-12,119.125,NA,NA,NA
2013-02-13,315.041666666667,NA,-80,NA
2013-02-14,70.304347826087,NA,NA,NA
2013-02-15,40.5416666666667,30,-83,113
2013-02-16,145.375,NA,-66,NA
2013-02-17,124.041666666667,NA,NA,NA
2013-02-18,22.375,NA,NA,NA
2013-02-19,32.9583333333333,NA,NA,NA
2013-02-20,83.4166666666667,72,-80,152
2013-02-21,212.666666666667,33,NA,NA
2013-02-22,85.0833333333333,74,NA,NA
2013-02-23,149,107,NA,NA
2013-02-24,332.875,43,-28,71
2013-02-25,159.458333333333,21,NA,NA
2013-02-26,216.416666666667,NA,NA,NA
2013-02-27,245.708333333333,NA,-30,NA
2013-02-28,221.125,NA,NA,NA
2013-03-01,10.5,62,NA,NA
2013-03-02,48.8333333333333,43,NA,NA
2013-03-03,101,NA,-49,NA
2013-03-04,25.0869565217391,NA,NA,NA
2013-03-05,183.416666666667,154,3,151
2013-03-06,226.04347826087,143,NA,NA
2013-03-07,318.458333333333,196,NA,NA
2013-03-08,222.166666666667,222,NA,NA
2013-03-09,64.4583333333333,NA,NA,NA
2013-03-10,42.125,NA,-21,NA
2013-03-11,126.583333333333,NA,-10,NA
2013-03-12,147.208333333333,75,NA,NA
2013-03-13,22.0416666666667,84,NA,NA
2013-03-14,112.782608695652,NA,NA,NA
2013-03-15,257.541666666667,120,-6,126
2013-03-16,265.217391304348,NA,NA,NA
2013-03-17,351.291666666667,NA,46,NA
2013-03-18,52.7083333333333,NA,NA,NA
2013-03-19,56.1666666666667,64,NA,NA
2013-03-20,64.9166666666667,61,-30,91
2013-03-21,157.625,88,-9,97
2013-03-22,64.5,103,NA,NA
2013-03-23,55.1666666666667,NA,NA,NA
2013-03-24,23.3333333333333,NA,NA,NA
2013-03-25,113.652173913043,113,-19,132
2013-03-26,196.541666666667,137,14,123
2013-03-27,92.7083333333333,NA,NA,NA
2013-03-28,37.0833333333333,NA,NA,NA
2013-03-29,95.9166666666667,114,NA,NA
2013-03-30,94.5833333333333,NA,29,NA
2013-03-31,200.458333333333,87,NA,NA
2013-04-01,95.6666666666667,163,NA,NA
2013-04-02,116.782608695652,185,NA,NA
2013-04-03,123.458333333333,NA,54,NA
2013-04-04,83.2916666666667,127,NA,NA
2013-04-05,61.5,146,NA,NA
2013-04-06,15.125,150,8,142
2013-04-07,79.9583333333333,169,19,150
2013-04-08,19.2916666666667,132,NA,NA
2013-04-09,11.4166666666667,NA,NA,NA
2013-04-10,12.4583333333333,NA,NA,NA
2013-04-11,18.9130434782609,NA,NA,NA
2013-04-12,51.7083333333333,239,NA,NA
2013-04-13,59.25,NA,NA,NA
2013-04-14,30.8333333333333,NA,NA,NA
2013-04-15,68.4347826086957,NA,NA,NA
2013-04-16,61.3181818181818,216,77,139
2013-04-17,47.125,171,NA,NA
2013-04-18,11.7916666666667,NA,NA,NA
2013-04-19,54.625,NA,NA,NA
2013-04-20,78.5416666666667,NA,27,NA
2013-04-21,130.875,NA,49,NA
2013-04-22,171.583333333333,NA,75,NA
2013-04-23,206.291666666667,NA,NA,NA
2013-04-24,78.875,NA,61,NA
2013-04-25,17.25,NA,NA,NA
2013-04-26,72.4166666666667,246,76,170
2013-04-27,72.7083333333333,241,NA,NA
2013-04-28,71.7083333333333,NA,NA,NA
2013-04-29,30.0416666666667,290,89,201
2013-04-30,21.4166666666667,NA,NA,NA
2013-05-01,45.7083333333333,NA,82,NA
2013-05-02,82.9166666666667,NA,NA,NA
2013-05-03,64.125,NA,NA,NA
2013-05-04,86.625,NA,NA,NA
2013-05-05,186.291666666667,NA,136,NA
2013-05-06,214.291666666667,NA,NA,NA
2013-05-07,178.958333333333,NA,NA,NA
2013-05-08,124.291666666667,NA,NA,NA
2013-05-09,49.7083333333333,NA,NA,NA
2013-05-10,48.75,NA,NA,NA
2013-05-11,53.2083333333333,NA,NA,NA
2013-05-12,48.9166666666667,NA,NA,NA
2013-05-13,104.5,NA,NA,NA
2013-05-14,62.8333333333333,NA,NA,NA
2013-05-15,67.5,NA,NA,NA
2013-05-16,68.75,NA,145,NA
2013-05-17,108.8,NA,170,NA
2013-05-18,85.8823529411765,NA,NA,NA
2013-05-19,54.5,NA,NA,NA
2013-05-20,48.625,NA,117,NA
2013-05-21,101.541666666667,NA,NA,NA
2013-05-22,62.7083333333333,NA,NA,NA
2013-05-23,87.0833333333333,NA,170,NA
2013-05-24,115.541666666667,NA,NA,NA
2013-05-25,63.8333333333333,NA,178,NA
2013-05-26,103.458333333333,NA,NA,NA
2013-05-27,76.5416666666667,NA,164,NA
2013-05-28,83.3913043478261,NA,NA,NA
2013-05-29,20.4166666666667,NA,NA,NA
2013-05-30,59.375,NA,149,NA
2013-05-31,91.625,NA,NA,NA
2013-06-01,73.1666666666667,NA,NA,NA
2013-06-02,155.708333333333,NA,NA,NA
2013-06-03,131.791666666667,NA,185,NA
2013-06-04,129.875,NA,NA,NA
2013-06-05,146.958333333333,NA,NA,NA
2013-06-06,153.75,NA,NA,NA
2013-06-07,137.166666666667,NA,NA,NA
2013-06-08,174.791666666667,NA,194,NA
2013-06-09,56.75,NA,NA,NA
2013-06-10,32.2083333333333,NA,164,NA
2013-06-11,61.9583333333333,260,NA,NA
2013-06-12,67.9583333333333,NA,146,NA
2013-06-13,107.416666666667,NA,183,NA
2013-06-14,108.166666666667,NA,187,NA
2013-06-15,125.708333333333,NA,195,NA
2013-06-16,174.458333333333,NA,NA,NA
2013-06-17,35.8333333333333,NA,217,NA
2013-06-18,53.7083333333333,NA,NA,NA
2013-06-19,51.5,NA,220,NA
2013-06-20,91.9545454545455,NA,NA,NA
2013-06-21,77.5833333333333,NA,NA,NA
2013-06-22,59.7916666666667,NA,NA,NA
2013-06-23,68.8333333333333,NA,193,NA
2013-06-24,108.791666666667,NA,NA,NA
2013-06-25,127.375,NA,NA,NA
2013-06-26,157.75,NA,NA,NA
2013-06-27,92.7083333333333,NA,234,NA
2013-06-28,294.458333333333,NA,NA,NA
2013-06-29,104.416666666667,NA,202,NA
2013-06-30,180.416666666667,NA,223,NA
2013-07-01,143.291666666667,NA,NA,NA
2013-07-02,17.4583333333333,NA,214,NA
2013-07-03,31.8333333333333,NA,227,NA
2013-07-04,28.2916666666667,NA,NA,NA
2013-07-05,23.125,NA,222,NA
2013-07-06,60.9583333333333,NA,NA,NA
2013-07-07,92.375,NA,225,NA
2013-07-08,91.2916666666667,NA,225,NA
2013-07-09,83.2916666666667,NA,NA,NA
2013-07-10,36.8333333333333,NA,NA,NA
2013-07-11,41.25,NA,NA,NA
2013-07-12,72.7083333333333,NA,208,NA
2013-07-13,107.708333333333,NA,NA,NA
2013-07-14,87.5,NA,NA,NA
2013-07-15,62.5,NA,NA,NA
2013-07-16,26.625,NA,NA,NA
2013-07-17,49.9565217391304,NA,208,NA
2013-07-18,134.958333333333,NA,NA,NA
2013-07-19,123.583333333333,NA,229,NA
2013-07-20,98.625,NA,NA,NA
2013-07-21,70.875,NA,NA,NA
2013-07-22,100.611111111111,NA,NA,NA
2013-07-23,43.3333333333333,NA,NA,NA
2013-07-24,40,NA,222,NA
2013-07-25,33.2916666666667,NA,NA,NA
2013-07-26,55.3333333333333,NA,NA,NA
2013-07-27,111.458333333333,NA,NA,NA
2013-07-28,58.375,NA,237,NA
2013-07-29,69.25,NA,NA,NA
2013-07-30,99.8333333333333,NA,NA,NA
2013-07-31,44.125,NA,210,NA
2013-08-01,46.5833333333333,NA,NA,NA
2013-08-02,69.125,NA,216,NA
2013-08-03,34.75,NA,NA,NA
2013-08-04,82.3333333333333,NA,NA,NA
2013-08-05,45.4166666666667,NA,203,NA
2013-08-06,125.458333333333,NA,NA,NA
2013-08-07,31.375,NA,NA,NA
2013-08-08,32.2916666666667,NA,NA,NA
2013-08-09,37.3333333333333,NA,229,NA
2013-08-10,88.875,NA,NA,NA
2013-08-11,122.291666666667,NA,NA,NA
2013-08-12,54.25,NA,237,NA
2013-08-13,78.0416666666667,NA,NA,NA
2013-08-14,62.4583333333333,NA,242,NA
2013-08-15,106,NA,NA,NA
2013-08-16,106.666666666667,NA,257,NA
2013-08-17,38.875,NA,NA,NA
2013-08-18,15.8260869565217,NA,NA,NA
2013-08-19,25.7916666666667,NA,228,NA
2013-08-20,94.304347826087,NA,NA,NA
2013-08-21,100.958333333333,NA,NA,NA
2013-08-22,121.238095238095,NA,NA,NA
2013-08-23,58.3333333333333,NA,NA,NA
2013-08-24,39.375,NA,NA,NA
2013-08-25,43.7916666666667,NA,NA,NA
2013-08-26,54.2083333333333,NA,NA,NA
2013-08-27,53.6666666666667,NA,NA,NA
2013-08-28,76.2083333333333,NA,NA,NA
2013-08-29,32,NA,NA,NA
2013-08-30,16.8,NA,NA,NA
2013-08-31,24.625,NA,NA,NA
2013-09-01,49.125,NA,NA,NA
2013-09-02,60.3333333333333,NA,NA,NA
2013-09-03,101.708333333333,NA,NA,NA
2013-09-04,78.875,NA,NA,NA
2013-09-05,25.9166666666667,NA,NA,NA
2013-09-06,80.2916666666667,NA,NA,NA
2013-09-07,81.7083333333333,NA,NA,NA
2013-09-08,108.416666666667,NA,NA,NA
2013-09-09,87.5833333333333,NA,NA,NA
2013-09-10,67.1666666666667,NA,NA,NA
2013-09-11,72.2083333333333,NA,164,NA
2013-09-12,150.791666666667,NA,180,NA
2013-09-13,108.227272727273,NA,179,NA
2013-09-14,69,NA,NA,NA
2013-09-15,24,NA,NA,NA
2013-09-16,60.5,NA,176,NA
2013-09-17,103.666666666667,217,NA,NA
2013-09-18,115.541666666667,NA,NA,NA
2013-09-19,123.75,NA,NA,NA
2013-09-20,65.125,NA,NA,NA
2013-09-21,51.4166666666667,NA,NA,NA
2013-09-22,95.6666666666667,NA,NA,NA
2013-09-23,38.8333333333333,NA,NA,NA
2013-09-24,14.6666666666667,NA,NA,NA
2013-09-25,18.125,NA,NA,NA
2013-09-26,59.9565217391304,NA,NA,NA
2013-09-27,193.708333333333,NA,108,NA
2013-09-28,246.833333333333,NA,133,NA
2013-09-29,226.625,NA,144,NA
2013-09-30,147.75,NA,NA,NA
2013-10-01,71.4583333333333,NA,NA,NA
2013-10-02,19.5416666666667,NA,NA,NA
2013-10-03,61.0416666666667,NA,98,NA
2013-10-04,168.166666666667,NA,NA,NA
2013-10-05,306,NA,NA,NA
2013-10-06,213.416666666667,NA,NA,NA
2013-10-07,91.2916666666667,NA,NA,NA
2013-10-08,63.5,NA,NA,NA
2013-10-09,146.5,NA,117,NA
2013-10-10,81.5833333333333,NA,NA,NA
2013-10-11,59.2916666666667,NA,80,NA
2013-10-12,70.4583333333333,220,104,116
2013-10-13,57.3333333333333,NA,NA,NA
2013-10-14,37.8333333333333,NA,NA,NA
2013-10-15,23.2916666666667,NA,NA,NA
2013-10-16,64.0416666666667,NA,31,NA
2013-10-17,162.833333333333,NA,50,NA
2013-10-18,248.166666666667,NA,60,NA
2013-10-19,68,NA,NA,NA
2013-10-20,29.5833333333333,NA,NA,NA
2013-10-21,100.166666666667,NA,NA,NA
2013-10-22,147.818181818182,NA,NA,NA
2013-10-23,25.75,NA,NA,NA
2013-10-24,23.75,NA,39,NA
2013-10-25,47.2916666666667,NA,NA,NA
2013-10-26,73.375,NA,NA,NA
2013-10-27,228.541666666667,NA,NA,NA
2013-10-28,314.333333333333,NA,NA,NA
2013-10-29,29.875,NA,NA,NA
2013-10-30,98.7916666666667,NA,NA,NA
2013-10-31,167.375,NA,NA,NA
2013-11-01,217,NA,NA,NA
2013-11-02,286.791666666667,NA,NA,NA
2013-11-03,47.4583333333333,NA,NA,NA
2013-11-04,53.25,NA,32,NA
2013-11-05,203.458333333333,NA,NA,NA
2013-11-06,113.666666666667,NA,NA,NA
2013-11-07,44.5,NA,NA,NA
2013-11-08,162.708333333333,NA,NA,NA
2013-11-09,96.875,NA,NA,NA
2013-11-10,19.3333333333333,NA,NA,NA
2013-11-11,41.625,NA,NA,NA
2013-11-12,62.5,NA,5,NA
2013-11-13,198.291666666667,NA,NA,NA
2013-11-14,66.0416666666667,148,NA,NA
2013-11-15,118.375,NA,NA,NA
2013-11-16,47.3333333333333,NA,NA,NA
2013-11-17,13.8333333333333,103,-12,115
2013-11-18,11.7083333333333,NA,NA,NA
2013-11-19,42.2173913043478,81,NA,NA
2013-11-20,77.625,NA,NA,NA
2013-11-21,131,NA,NA,NA
2013-11-22,174.166666666667,NA,-23,NA
2013-11-23,221.695652173913,NA,-5,NA
2013-11-24,93.9583333333333,NA,NA,NA
2013-11-25,24.0833333333333,76,NA,NA
2013-11-26,26.2083333333333,NA,NA,NA
2013-11-27,7.41666666666667,NA,-41,NA
2013-11-28,27.1666666666667,61,-44,105
2013-11-29,59.5416666666667,NA,-42,NA
2013-11-30,34.7083333333333,NA,NA,NA
2013-12-01,84.7083333333333,NA,NA,NA
2013-12-02,136.583333333333,NA,-35,NA
2013-12-03,89.75,NA,NA,NA
2013-12-04,112.75,NA,-16,NA
2013-12-05,49.2916666666667,109,NA,NA
2013-12-06,164.916666666667,NA,NA,NA
2013-12-07,348.5,62,NA,NA
2013-12-08,214.416666666667,NA,NA,NA
2013-12-09,19.4583333333333,NA,NA,NA
2013-12-10,27.25,70,NA,NA
2013-12-11,30.7916666666667,NA,NA,NA
2013-12-12,22.7083333333333,27,NA,NA
2013-12-13,69.5416666666667,NA,NA,NA
2013-12-14,62.9166666666667,53,NA,NA
2013-12-15,59.375,54,NA,NA
2013-12-16,183.375,27,NA,NA
2013-12-17,77.5,NA,NA,NA
2013-12-18,56.2916666666667,NA,NA,NA
2013-12-19,41.25,15,NA,NA
2013-12-20,36.5,28,NA,NA
2013-12-21,91.2916666666667,NA,NA,NA
2013-12-22,181.208333333333,20,NA,NA
2013-12-23,145.75,NA,NA,NA
2013-12-24,316.75,23,NA,NA
2013-12-25,170.125,NA,NA,NA
2013-12-26,14.625,NA,NA,NA
2013-12-27,32.625,18,NA,NA
2013-12-28,21.7826086956522,28,NA,NA
2013-12-29,53.3529411764706,NA,-78,NA
2013-12-30,45.2142857142857,83,NA,NA
2013-12-31,49.3333333333333,100,-39,139
2014-01-01,58.4166666666667,128,NA,NA
2014-01-02,167.625,74,NA,NA
2014-01-03,54.4583333333333,NA,NA,NA
2014-01-04,154.875,31,NA,NA
2014-01-05,101.416666666667,NA,-59,NA
2014-01-06,154.583333333333,2,NA,NA
2014-01-07,112.875,NA,NA,NA
2014-01-08,21.4166666666667,NA,NA,NA
2014-01-09,33.125,NA,NA,NA
2014-01-10,81.2916666666667,NA,NA,NA
2014-01-11,152.625,NA,NA,NA
2014-01-12,28.5263157894737,NA,NA,NA
2014-01-13,127.875,32,NA,NA
2014-01-14,119.458333333333,NA,NA,NA
2014-01-15,210.375,52,-91,143
2014-01-16,448.416666666667,NA,NA,NA
2014-01-17,154.5,NA,NA,NA
2014-01-18,76.75,NA,-75,NA
2014-01-19,124.75,NA,-39,NA
2014-01-20,10.25,NA,NA,NA
2014-01-21,47.2083333333333,NA,NA,NA
2014-01-22,162.954545454545,62,NA,NA
2014-01-23,288.416666666667,NA,-67,NA
2014-01-24,152.375,NA,NA,NA
2014-01-25,33.7083333333333,78,-54,132
2014-01-26,59,35,NA,NA
2014-01-27,96.1666666666667,123,NA,NA
2014-01-28,46.5833333333333,55,NA,NA
2014-01-29,149.291666666667,NA,NA,NA
2014-01-30,71.3333333333333,92,-55,147
2014-01-31,166.208333333333,NA,NA,NA
2014-02-01,155.083333333333,NA,NA,NA
2014-02-02,68.9166666666667,NA,NA,NA
2014-02-03,7.125,NA,NA,NA
2014-02-04,29.9583333333333,NA,NA,NA
2014-02-05,103.833333333333,11,NA,NA
2014-02-06,143.25,NA,NA,NA
2014-02-07,102.875,-17,NA,NA
2014-02-08,56,NA,NA,NA
2014-02-09,13.4583333333333,NA,NA,NA
2014-02-10,26.2083333333333,NA,NA,NA
2014-02-11,131.25,NA,-112,NA
2014-02-12,145.583333333333,NA,-92,NA
2014-02-13,210.958333333333,6,NA,NA
2014-02-14,299.666666666667,32,NA,NA
2014-02-15,363.791666666667,NA,NA,NA
2014-02-16,264.833333333333,NA,-42,NA
2014-02-17,75.7916666666667,NA,NA,NA
2014-02-18,70.2608695652174,23,NA,NA
2014-02-19,79.8333333333333,61,NA,NA
2014-02-20,271,NA,NA,NA
2014-02-21,330.416666666667,NA,-44,NA
2014-02-22,335.541666666667,NA,-11,NA
2014-02-23,295.95652173913,NA,4,NA
2014-02-24,352.583333333333,NA,NA,NA
2014-02-25,449.75,86,-11,97
2014-02-26,386.416666666667,95,7,88
2014-02-27,20.375,NA,NA,NA
2014-02-28,102.666666666667,68,NA,NA
2014-03-01,83.125,NA,NA,NA
2014-03-02,162.125,NA,NA,NA
2014-03-03,243.541666666667,NA,NA,NA
2014-03-04,49.2916666666667,NA,NA,NA
2014-03-05,24.875,NA,NA,NA
2014-03-06,20.375,NA,NA,NA
2014-03-07,61.5,86,-27,113
2014-03-08,175.75,103,NA,NA
2014-03-09,119.75,100,NA,NA
2014-03-10,108.5,92,-22,114
2014-03-11,195.791666666667,NA,10,NA
2014-03-12,19.1666666666667,NA,NA,NA
2014-03-13,22.25,130,-27,157
2014-03-14,24.875,NA,NA,NA
2014-03-15,114.583333333333,NA,25,NA
2014-03-16,122.291666666667,171,NA,NA
2014-03-17,85.8333333333333,NA,54,NA
2014-03-18,40.4166666666667,150,NA,NA
2014-03-19,58.6666666666667,NA,NA,NA
2014-03-20,10.1666666666667,NA,NA,NA
2014-03-21,28.5652173913043,220,NA,NA
2014-03-22,66.125,NA,46,NA
2014-03-23,158.666666666667,196,NA,NA
2014-03-24,245.708333333333,212,NA,NA
2014-03-25,224.208333333333,230,NA,NA
2014-03-26,317.875,NA,96,NA
2014-03-27,257.416666666667,NA,NA,NA
2014-03-28,151.458333333333,NA,NA,NA
2014-03-29,38.7916666666667,NA,NA,NA
2014-03-30,34.2916666666667,NA,82,NA
2014-03-31,155.291666666667,230,NA,NA
2014-04-01,130.291666666667,NA,84,NA
2014-04-02,105.458333333333,NA,NA,NA
2014-04-03,23.375,NA,NA,NA
2014-04-04,32.2916666666667,265,NA,NA
2014-04-05,26.5,200,NA,NA
2014-04-06,57.7916666666667,250,59,191
2014-04-07,99.9583333333333,NA,NA,NA
2014-04-08,168.041666666667,NA,99,NA
2014-04-09,146.583333333333,NA,125,NA
2014-04-10,86.2173913043478,NA,NA,NA
2014-04-11,61.4166666666667,181,NA,NA
2014-04-12,119.625,211,71,140
2014-04-13,163.25,NA,90,NA
2014-04-14,238.181818181818,NA,117,NA
2014-04-15,66.6666666666667,NA,NA,NA
2014-04-16,68.75,218,NA,NA
2014-04-17,118.75,NA,NA,NA
2014-04-18,142.708333333333,206,NA,NA
2014-04-19,64,NA,NA,NA
2014-04-20,68.25,221,NA,NA
2014-04-21,50.7916666666667,250,NA,NA
2014-04-22,77.4166666666667,271,90,181
2014-04-23,121.208333333333,NA,147,NA
2014-04-24,113.666666666667,252,NA,NA
2014-04-25,121.041666666667,NA,NA,NA
2014-04-26,39.5416666666667,NA,NA,NA
2014-04-27,67.3333333333333,247,NA,NA
2014-04-28,69.125,NA,NA,NA
2014-04-29,105.708333333333,NA,NA,NA
2014-04-30,111.875,NA,128,NA
2014-05-01,121.583333333333,NA,NA,NA
2014-05-02,37.7916666666667,NA,NA,NA
2014-05-03,81.0833333333333,NA,NA,NA
2014-05-04,47.4166666666667,NA,NA,NA
2014-05-05,46.625,NA,68,NA
2014-05-06,101.5,212,95,117
2014-05-07,89.4166666666667,NA,NA,NA
2014-05-08,87.75,231,107,124
2014-05-09,67.625,NA,NA,NA
2014-05-10,54.375,207,NA,NA
2014-05-11,30.6666666666667,144,NA,NA
2014-05-12,47.3333333333333,NA,97,NA
2014-05-13,58.6666666666667,NA,154,NA
2014-05-14,22.875,NA,NA,NA
2014-05-15,85.875,290,105,185
2014-05-16,74.9166666666667,NA,NA,NA
2014-05-17,67.7083333333333,283,NA,NA
2014-05-18,102.916666666667,306,153,153
2014-05-19,112.875,291,NA,NA
2014-05-20,85.8636363636364,323,NA,NA
2014-05-21,102,318,182,136
2014-05-22,136.458333333333,NA,199,NA
2014-05-23,80.9166666666667,NA,NA,NA
2014-05-24,89.625,261,NA,NA
2014-05-25,71.4166666666667,288,NA,NA
2014-05-26,20.4166666666667,NA,160,NA
2014-05-27,29.9166666666667,325,NA,NA
2014-05-28,31.4166666666667,NA,163,NA
2014-05-29,46.8333333333333,NA,NA,NA
2014-05-30,90.9583333333333,NA,NA,NA
2014-05-31,115.75,NA,NA,NA
2014-06-01,50.7083333333333,317,NA,NA
2014-06-02,33.4166666666667,261,NA,NA
2014-06-03,41.4583333333333,NA,167,NA
2014-06-04,63.6521739130435,NA,NA,NA
2014-06-05,67.8695652173913,NA,209,NA
2014-06-06,55.3478260869565,NA,NA,NA
2014-06-07,12.5217391304348,304,143,161
2014-06-08,36.2173913043478,310,NA,NA
2014-06-09,30.3333333333333,312,158,154
2014-06-10,78.0416666666667,266,NA,NA
2014-06-11,43.9166666666667,302,NA,NA
2014-06-12,31.625,NA,191,NA
2014-06-13,59.7083333333333,320,NA,NA
2014-06-14,47.5,324,187,137
2014-06-15,115.666666666667,327,NA,NA
2014-06-16,138.5,303,NA,NA
2014-06-17,75.875,275,179,96
2014-06-18,71.3809523809524,NA,190,NA
2014-06-19,123.833333333333,NA,NA,NA
2014-06-20,45.875,NA,184,NA
2014-06-21,54.5416666666667,NA,NA,NA
2014-06-22,33.7916666666667,NA,NA,NA
2014-06-23,23.0416666666667,312,178,134
2014-06-24,54.0833333333333,316,212,104
2014-06-25,97.1666666666667,NA,NA,NA
2014-06-26,116.833333333333,NA,NA,NA
2014-06-27,17.2083333333333,NA,NA,NA
2014-06-28,20.25,NA,202,NA
2014-06-29,49.75,NA,NA,NA
2014-06-30,69.625,351,NA,NA
2014-07-01,101.583333333333,320,NA,NA
2014-07-02,69.5,269,202,67
2014-07-03,217.5,NA,227,NA
2014-07-04,199.208333333333,NA,NA,NA
2014-07-05,121.291666666667,311,225,86
2014-07-06,191.291666666667,319,NA,NA
2014-07-07,149.875,317,239,78
2014-07-08,81.375,NA,NA,NA
2014-07-09,24.625,327,NA,NA
2014-07-10,31.375,NA,NA,NA
2014-07-11,30.8333333333333,363,223,140
2014-07-12,14.5263157894737,NA,NA,NA
2014-07-13,22.1666666666667,NA,229,NA
2014-07-14,29.9166666666667,NA,215,NA
2014-07-15,52.0833333333333,NA,235,NA
2014-07-16,110.291666666667,313,NA,NA
2014-07-17,146.791666666667,NA,222,NA
2014-07-18,115.75,342,245,97
2014-07-19,61.25,NA,264,NA
2014-07-20,60.5416666666667,NA,NA,NA
2014-07-21,24.875,NA,NA,NA
2014-07-22,14.7727272727273,303,NA,NA
2014-07-23,24.75,NA,NA,NA
2014-07-24,69.9583333333333,NA,NA,NA
2014-07-25,73.1666666666667,NA,210,NA
2014-07-26,93,NA,233,NA
2014-07-27,97.5833333333333,NA,233,NA
2014-07-28,102.541666666667,NA,237,NA
2014-07-29,107,NA,NA,NA
2014-07-30,137.916666666667,285,225,60
2014-07-31,179.666666666667,311,239,72
2014-08-01,127.75,323,242,81
2014-08-02,96.625,NA,257,NA
2014-08-03,102.916666666667,NA,NA,NA
2014-08-04,32,NA,NA,NA
2014-08-05,22.7916666666667,NA,195,NA
2014-08-06,36.75,334,NA,NA
2014-08-07,61.5833333333333,321,NA,NA
2014-08-08,59.0416666666667,NA,NA,NA
2014-08-09,77.9166666666667,312,NA,NA
2014-08-10,36.375,NA,NA,NA
2014-08-11,22.4166666666667,NA,NA,NA
2014-08-12,26.0833333333333,NA,NA,NA
2014-08-13,27,NA,NA,NA
2014-08-14,28.4166666666667,NA,174,NA
2014-08-15,43.4166666666667,321,192,129
2014-08-16,65.375,NA,NA,NA
2014-08-17,48.0833333333333,301,NA,NA
2014-08-18,56.4545454545455,302,NA,NA
2014-08-19,77.2083333333333,NA,NA,NA
2014-08-20,91.9333333333333,NA,219,NA
2014-08-21,117.541666666667,NA,NA,NA
2014-08-22,58.2083333333333,NA,216,NA
2014-08-23,117.75,NA,216,NA
2014-08-24,19.7916666666667,NA,NA,NA
2014-08-25,15.7916666666667,NA,NA,NA
2014-08-26,23.3333333333333,NA,NA,NA
2014-08-27,56.5416666666667,NA,197,NA
2014-08-28,83.75,NA,NA,NA
2014-08-29,86.1666666666667,NA,187,NA
2014-08-30,149.208333333333,274,NA,NA
2014-08-31,89.4583333333333,270,NA,NA
2014-09-01,112.375,269,NA,NA
2014-09-02,25.5416666666667,NA,NA,NA
2014-09-03,13.1666666666667,NA,NA,NA
2014-09-04,43.4166666666667,NA,160,NA
2014-09-05,96.0833333333333,300,183,117
2014-09-06,134.583333333333,290,209,81
2014-09-07,141.416666666667,NA,NA,NA
2014-09-08,8.91666666666667,293,NA,NA
2014-09-09,39.7916666666667,295,159,136
2014-09-10,69.1666666666667,292,NA,NA
2014-09-11,95.0833333333333,269,NA,NA
2014-09-12,68.0833333333333,NA,NA,NA
2014-09-13,64.5,NA,178,NA
2014-09-14,44.5833333333333,NA,NA,NA
2014-09-15,18.0833333333333,NA,NA,NA
2014-09-16,47.4090909090909,221,136,85
2014-09-17,36.6666666666667,NA,NA,NA
2014-09-18,68.875,NA,NA,NA
2014-09-19,99.4347826086957,251,143,108
2014-09-20,138.708333333333,271,NA,NA
2014-09-21,89.7083333333333,NA,172,NA
2014-09-22,108.875,224,NA,NA
2014-09-23,63.9545454545455,189,NA,NA
2014-09-24,33.5,NA,NA,NA
2014-09-25,121.25,224,150,74
2014-09-26,140.291666666667,241,NA,NA
2014-09-27,35.5833333333333,255,NA,NA
2014-09-28,66.875,NA,NA,NA
2014-09-29,52.3333333333333,NA,NA,NA
2014-09-30,28.2916666666667,160,NA,NA
2014-10-01,82.7083333333333,154,NA,NA
2014-10-02,67.4166666666667,NA,88,NA
2014-10-03,128.333333333333,189,121,68
2014-10-04,84.5416666666667,169,NA,NA
2014-10-05,33.8333333333333,NA,NA,NA
2014-10-06,36,215,60,155
2014-10-07,152.583333333333,215,91,124
2014-10-08,308.833333333333,206,NA,NA
2014-10-09,378.041666666667,222,NA,NA
2014-10-10,321.125,230,132,98
2014-10-11,184.25,210,NA,NA
2014-10-12,6.79166666666667,NA,NA,NA
2014-10-13,16.6666666666667,181,NA,NA
2014-10-14,51.8333333333333,NA,40,NA
2014-10-15,49.0416666666667,NA,NA,NA
2014-10-16,42.625,NA,NA,NA
2014-10-17,117.583333333333,NA,65,NA
2014-10-18,211.583333333333,244,79,165
2014-10-19,273.958333333333,NA,NA,NA
2014-10-20,209.391304347826,NA,NA,NA
2014-10-21,45.2083333333333,152,NA,NA
2014-10-22,94.875,147,78,69
2014-10-23,147.25,164,NA,NA
2014-10-24,267.833333333333,183,NA,NA
2014-10-25,366.958333333333,NA,NA,NA
2014-10-26,71.5,NA,NA,NA
2014-10-27,33,154,NA,NA
2014-10-28,69.3333333333333,150,41,109
2014-10-29,135.583333333333,NA,65,NA
2014-10-30,190.166666666667,152,NA,NA
2014-10-31,185.5,154,NA,NA
2014-11-01,43.2083333333333,161,70,91
2014-11-02,7.95833333333333,NA,NA,NA
2014-11-03,27.2083333333333,NA,NA,NA
2014-11-04,131.708333333333,154,NA,NA
2014-11-05,70.0833333333333,202,25,177
2014-11-06,15.4347826086957,NA,NA,NA
2014-11-07,53.0833333333333,NA,NA,NA
2014-11-08,80.25,NA,NA,NA
2014-11-09,65.5,NA,NA,NA
2014-11-10,81.3333333333333,NA,-5,NA
2014-11-11,43.7083333333333,NA,22,NA
2014-11-12,6.54166666666667,81,NA,NA
2014-11-13,27.0434782608696,122,NA,NA
2014-11-14,46.1666666666667,NA,-17,NA
2014-11-15,173.791666666667,92,NA,NA
2014-11-16,111.5,123,NA,NA
2014-11-17,26.7083333333333,135,NA,NA
2014-11-18,91,141,NA,NA
2014-11-19,327.041666666667,NA,NA,NA
2014-11-20,328.85,NA,NA,NA
2014-11-21,74.3125,NA,NA,NA
2014-11-22,48.0833333333333,121,-10,131
2014-11-23,133.583333333333,NA,NA,NA
2014-11-24,89.875,NA,NA,NA
2014-11-25,182.875,NA,NA,NA
2014-11-26,308.291666666667,83,NA,NA
2014-11-27,62.25,NA,NA,NA
2014-11-28,103.083333333333,NA,NA,NA
2014-11-29,302.5,NA,2,NA
2014-11-30,83.3333333333333,NA,NA,NA
2014-12-01,13.6666666666667,NA,NA,NA
2014-12-02,56.2916666666667,3,NA,NA
2014-12-03,20.7083333333333,10,NA,NA
2014-12-04,9,NA,NA,NA
2014-12-05,44.8636363636364,NA,NA,NA
2014-12-06,68.9583333333333,NA,-66,NA
2014-12-07,51.75,52,NA,NA
2014-12-08,58.2222222222222,42,NA,NA
2014-12-09,358.615384615385,5,NA,NA
2014-12-10,130.75,53,NA,NA
2014-12-11,24.375,40,NA,NA
2014-12-12,13.875,34,NA,NA
2014-12-13,51.3333333333333,NA,NA,NA
2014-12-14,102.458333333333,NA,NA,NA
2014-12-15,82.0416666666667,NA,NA,NA
2014-12-16,11.25,NA,NA,NA
2014-12-17,104.833333333333,54,NA,NA
2014-12-18,173.166666666667,21,NA,NA
2014-12-19,66.625,51,NA,NA
2014-12-20,9.93333333333333,22,-56,78
2014-12-21,20.5416666666667,23,NA,NA
2014-12-22,98.9583333333333,94,NA,NA
2014-12-23,96.5,NA,NA,NA
2014-12-24,14.4166666666667,54,NA,NA
2014-12-25,30.0416666666667,74,NA,NA
2014-12-26,173.166666666667,32,NA,NA
2014-12-27,247.916666666667,NA,NA,NA
2014-12-28,196.416666666667,NA,NA,NA
2014-12-29,151.791666666667,123,NA,NA
2014-12-30,38.625,NA,NA,NA
2014-12-31,10.4583333333333,NA,NA,NA
2015-01-01,54.5833333333333,25,NA,NA
2015-01-02,63.5416666666667,NA,NA,NA
2015-01-03,209.25,36,NA,NA
2015-01-04,201.166666666667,86,-70,156
2015-01-05,90.875,110,NA,NA
2015-01-06,43.1666666666667,NA,NA,NA
2015-01-07,73.6666666666667,33,NA,NA
2015-01-08,168.25,NA,NA,NA
2015-01-09,99.7916666666667,75,NA,NA
2015-01-10,178.75,NA,NA,NA
2015-01-11,34.7083333333333,65,NA,NA
2015-01-12,109.166666666667,42,NA,NA
2015-01-13,194.541666666667,31,NA,NA
2015-01-14,238.083333333333,10,NA,NA
2015-01-15,374.826086956522,0,NA,NA
2015-01-16,88.5,NA,NA,NA
2015-01-17,72.3333333333333,30,-68,98
2015-01-18,78.0416666666667,70,NA,NA
2015-01-19,50,67,NA,NA
2015-01-20,89,NA,NA,NA
2015-01-21,16.4583333333333,NA,NA,NA
2015-01-22,122.291666666667,58,NA,NA
2015-01-23,227.166666666667,68,NA,NA
2015-01-24,80.0416666666667,NA,-28,NA
2015-01-25,126.521739130435,NA,NA,NA
2015-01-26,88,52,NA,NA
2015-01-27,20.9166666666667,13,NA,NA
2015-01-28,45.3333333333333,11,-56,67
2015-01-29,58.625,NA,NA,NA
2015-01-30,11.375,32,NA,NA
2015-01-31,39.7619047619048,NA,NA,NA
2015-02-01,84.9583333333333,NA,NA,NA
2015-02-02,152.708333333333,42,NA,NA
2015-02-03,106.130434782609,86,NA,NA
2015-02-04,10.9166666666667,NA,NA,NA
2015-02-05,27.8333333333333,NA,NA,NA
2015-02-06,73.5416666666667,NA,-50,NA
2015-02-07,8.95833333333333,53,NA,NA
2015-02-08,29.2083333333333,18,NA,NA
2015-02-09,118.875,61,-92,153
2015-02-10,131.375,133,-66,199
2015-02-11,47.8095238095238,102,NA,NA
2015-02-12,35.5,79,NA,NA
2015-02-13,147.826086956522,96,NA,NA
2015-02-14,268.5,NA,NA,NA
2015-02-15,285.041666666667,NA,NA,NA
2015-02-16,110.875,NA,NA,NA
2015-02-17,27.4583333333333,NA,NA,NA
2015-02-18,47.4166666666667,NA,NA,NA
2015-02-19,192.782608695652,NA,-30,NA
2015-02-20,139.041666666667,NA,-2,NA
2015-02-21,147.375,NA,NA,NA
2015-02-22,42.7083333333333,42,NA,NA
2015-02-23,57.4166666666667,NA,-61,NA
2015-02-24,169.25,67,-42,109
2015-02-25,61.9583333333333,NA,NA,NA
2015-02-26,15.2916666666667,62,NA,NA
2015-02-27,26.8333333333333,24,NA,NA
2015-02-28,141.458333333333,48,NA,NA
2015-03-01,39.625,124,NA,NA
2015-03-02,63.9166666666667,NA,-30,NA
2015-03-03,7.75,58,NA,NA
2015-03-04,24.25,NA,-73,NA
2015-03-05,112.291666666667,83,NA,NA
2015-03-06,207.791666666667,101,NA,NA
2015-03-07,228.041666666667,125,NA,NA
2015-03-08,113.958333333333,NA,NA,NA
2015-03-09,7.54166666666667,NA,NA,NA
2015-03-10,31.5,NA,-62,NA
2015-03-11,46.2916666666667,NA,-40,NA
2015-03-12,77.4583333333333,NA,NA,NA
2015-03-13,69.1666666666667,NA,-27,NA
2015-03-14,103.833333333333,119,NA,NA
2015-03-15,118.125,NA,2,NA
2015-03-16,216.125,NA,NA,NA
2015-03-17,194.791666666667,NA,NA,NA
2015-03-18,50.7916666666667,NA,NA,NA
2015-03-19,92.5833333333333,NA,26,NA
2015-03-20,43.5416666666667,NA,73,NA
2015-03-21,18.6086956521739,NA,NA,NA
2015-03-22,22.0416666666667,NA,NA,NA
2015-03-23,36.4583333333333,NA,-8,NA
2015-03-24,87.25,167,NA,NA
2015-03-25,120.5,NA,NA,NA
2015-03-26,98.875,NA,NA,NA
2015-03-27,84.8571428571429,NA,76,NA
2015-03-28,30.6666666666667,NA,NA,NA
2015-03-29,93.8095238095238,NA,85,NA
2015-03-30,154.666666666667,NA,NA,NA
2015-03-31,125.958333333333,152,NA,NA
2015-04-01,53.875,NA,NA,NA
2015-04-02,35.8333333333333,NA,44,NA
2015-04-03,31.1666666666667,NA,68,NA
2015-04-04,66.5,NA,74,NA
2015-04-05,56.4166666666667,NA,NA,NA
2015-04-06,21.6875,NA,NA,NA
2015-04-07,25.75,NA,NA,NA
2015-04-08,102.625,NA,NA,NA
2015-04-09,166.75,NA,43,NA
2015-04-10,157.583333333333,NA,65,NA
2015-04-11,150.25,NA,NA,NA
2015-04-12,17.4583333333333,NA,NA,NA
2015-04-13,36.7916666666667,NA,NA,NA
2015-04-14,64.4583333333333,NA,45,NA
2015-04-15,156.916666666667,254,93,161
2015-04-16,36.3913043478261,NA,NA,NA
2015-04-17,79.5416666666667,NA,91,NA
2015-04-18,138.5,NA,NA,NA
2015-04-19,61.0416666666667,NA,NA,NA
2015-04-20,74.7083333333333,NA,63,NA
2015-04-21,61.5,NA,NA,NA
2015-04-22,53.7083333333333,NA,85,NA
2015-04-23,57.2083333333333,NA,NA,NA
2015-04-24,62.375,NA,87,NA
2015-04-25,89.9166666666667,NA,106,NA
2015-04-26,109.166666666667,NA,158,NA
2015-04-27,91.4166666666667,NA,NA,NA
2015-04-28,49.9583333333333,NA,NA,NA
2015-04-29,118.458333333333,NA,136,NA
2015-04-30,116.875,NA,NA,NA
2015-05-01,120.791666666667,265,NA,NA
2015-05-02,45.125,242,NA,NA
2015-05-03,48.125,NA,NA,NA
2015-05-04,25.0833333333333,NA,NA,NA
2015-05-05,49.8333333333333,NA,121,NA
2015-05-06,25.0833333333333,NA,NA,NA
2015-05-07,50.4166666666667,NA,97,NA
2015-05-08,55.8333333333333,NA,NA,NA
2015-05-09,37.5238095238095,NA,NA,NA
2015-05-10,42.875,124,85,39
2015-05-11,27.4347826086957,NA,89,NA
2015-05-12,33.8333333333333,277,NA,NA
2015-05-13,74.375,324,119,205
2015-05-14,20.625,NA,NA,NA
2015-05-15,32.25,NA,NA,NA
2015-05-16,50.4166666666667,NA,109,NA
2015-05-17,133.375,282,NA,NA
2015-05-18,59.6666666666667,NA,NA,NA
2015-05-19,12.6666666666667,NA,NA,NA
2015-05-20,15.75,NA,NA,NA
2015-05-21,36.7916666666667,NA,NA,NA
2015-05-22,63.5,NA,149,NA
2015-05-23,98.1666666666667,NA,163,NA
2015-05-24,114.875,NA,NA,NA
2015-05-25,96.25,NA,203,NA
2015-05-26,83.1666666666667,NA,NA,NA
2015-05-27,99.9166666666667,NA,NA,NA
2015-05-28,108.5,NA,NA,NA
2015-05-29,71.3333333333333,NA,NA,NA
2015-05-30,66.7916666666667,NA,NA,NA
2015-05-31,59.4166666666667,NA,195,NA
2015-06-01,105.25,NA,NA,NA
2015-06-02,36.5833333333333,NA,NA,NA
2015-06-03,35.1666666666667,NA,173,NA
2015-06-04,47.375,240,NA,NA
2015-06-05,49.0833333333333,323,154,169
2015-06-06,22.8333333333333,NA,NA,NA
2015-06-07,16.125,NA,NA,NA
2015-06-08,19.4166666666667,NA,146,NA
2015-06-09,53.1666666666667,NA,NA,NA
2015-06-10,75.4166666666667,243,NA,NA
2015-06-11,22.1666666666667,NA,164,NA
2015-06-12,6.625,290,179,111
2015-06-13,15.8095238095238,NA,NA,NA
2015-06-14,19.1666666666667,NA,182,NA
2015-06-15,83.304347826087,NA,NA,NA
2015-06-16,94.375,NA,NA,NA
2015-06-17,37.625,NA,NA,NA
2015-06-18,19.5416666666667,NA,NA,NA
2015-06-19,22.0416666666667,248,NA,NA
2015-06-20,24.375,NA,176,NA
2015-06-21,42.7916666666667,NA,209,NA
2015-06-22,82.5833333333333,NA,214,NA
2015-06-23,157.666666666667,NA,218,NA
2015-06-24,89.0833333333333,NA,NA,NA
2015-06-25,95.8333333333333,NA,NA,NA
2015-06-26,76,NA,206,NA
2015-06-27,72.7916666666667,NA,215,NA
2015-06-28,117.583333333333,NA,NA,NA
2015-06-29,88.3333333333333,NA,NA,NA
2015-06-30,12.7916666666667,NA,NA,NA
2015-07-01,17.375,NA,NA,NA
2015-07-02,8.375,NA,NA,NA
2015-07-03,25.1666666666667,314,180,134
2015-07-04,32.2608695652174,NA,NA,NA
2015-07-05,54.625,NA,177,NA
2015-07-06,57.875,NA,NA,NA
2015-07-07,57.75,NA,207,NA
2015-07-08,99.875,NA,221,NA
2015-07-09,59.0833333333333,NA,NA,NA
2015-07-10,43.8333333333333,332,229,103
2015-07-11,85.8333333333333,NA,NA,NA
2015-07-12,91.5833333333333,NA,NA,NA
2015-07-13,43.5416666666667,NA,NA,NA
2015-07-14,32.9565217391304,NA,NA,NA
2015-07-15,35.75,NA,NA,NA
2015-07-16,37.2916666666667,NA,212,NA
2015-07-17,35.9583333333333,NA,NA,NA
2015-07-18,42.8333333333333,NA,208,NA
2015-07-19,69.7916666666667,NA,213,NA
2015-07-20,83.0416666666667,NA,226,NA
2015-07-21,107.916666666667,NA,NA,NA
2015-07-22,53.2083333333333,313,212,101
2015-07-23,43.4166666666667,NA,218,NA
2015-07-24,52.0416666666667,NA,NA,NA
2015-07-25,80.9166666666667,NA,227,NA
2015-07-26,102.833333333333,NA,240,NA
2015-07-27,57,NA,NA,NA
2015-07-28,50.6666666666667,318,234,84
2015-07-29,81.125,NA,NA,NA
2015-07-30,37.875,NA,NA,NA
2015-07-31,23.9166666666667,NA,223,NA
2015-08-01,72.4583333333333,NA,NA,NA
2015-08-02,65.375,NA,230,NA
2015-08-03,60.5833333333333,NA,NA,NA
2015-08-04,20.9166666666667,NA,187,NA
2015-08-05,71,NA,NA,NA
2015-08-06,57.5416666666667,NA,220,NA
2015-08-07,82.3333333333333,NA,NA,NA
2015-08-08,45.75,312,202,110
2015-08-09,54.3333333333333,NA,NA,NA
2015-08-10,45.625,NA,247,NA
2015-08-11,87.0416666666667,NA,NA,NA
2015-08-12,83.125,NA,NA,NA
2015-08-13,109.125,NA,240,NA
2015-08-14,58.4583333333333,326,NA,NA
2015-08-15,22.5833333333333,NA,NA,NA
2015-08-16,40.9583333333333,NA,NA,NA
2015-08-17,73.2083333333333,NA,NA,NA
2015-08-18,45.0434782608696,NA,NA,NA
2015-08-19,54,NA,NA,NA
2015-08-20,30.25,NA,NA,NA
2015-08-21,14.5833333333333,NA,NA,NA
2015-08-22,18.5416666666667,NA,NA,NA
2015-08-23,18.9166666666667,NA,NA,NA
2015-08-24,15.25,NA,NA,NA
2015-08-25,15.4583333333333,NA,NA,NA
2015-08-26,10.7916666666667,NA,NA,NA
2015-08-27,12.4583333333333,NA,NA,NA
2015-08-28,15.4166666666667,NA,NA,NA
2015-08-29,26.9583333333333,NA,200,NA
2015-08-30,27.7916666666667,NA,NA,NA
2015-08-31,28.2083333333333,NA,NA,NA
2015-09-01,10.9166666666667,NA,187,NA
2015-09-02,8.58333333333333,NA,NA,NA
2015-09-03,15.3333333333333,NA,NA,NA
2015-09-04,49.7916666666667,NA,NA,NA
2015-09-05,20.5833333333333,NA,170,NA
2015-09-06,17.1666666666667,NA,NA,NA
2015-09-07,27.0416666666667,NA,NA,NA
2015-09-08,60.1666666666667,NA,167,NA
2015-09-09,35.7916666666667,NA,NA,NA
2015-09-10,8.83333333333333,NA,NA,NA
2015-09-11,9,NA,137,NA
2015-09-12,7.625,NA,NA,NA
2015-09-13,18.9583333333333,NA,NA,NA
2015-09-14,58.5909090909091,NA,NA,NA
2015-09-15,105.875,NA,NA,NA
2015-09-16,127.166666666667,NA,149,NA
2015-09-17,138.75,NA,168,NA
2015-09-18,73.0416666666667,NA,NA,NA
2015-09-19,19.0416666666667,NA,NA,NA
2015-09-20,80.2916666666667,NA,NA,NA
2015-09-21,79.7083333333333,NA,168,NA
2015-09-22,115.875,260,NA,NA
2015-09-23,28.6666666666667,NA,152,NA
2015-09-24,89.875,NA,NA,NA
2015-09-25,19.8260869565217,NA,NA,NA
2015-09-26,27.625,NA,127,NA
2015-09-27,45.8333333333333,NA,153,NA
2015-09-28,47.6666666666667,NA,NA,NA
2015-09-29,41.5,NA,NA,NA
2015-09-30,23.375,NA,137,NA
2015-10-01,11.8571428571429,NA,NA,NA
2015-10-02,23.0833333333333,NA,NA,NA
2015-10-03,23.0833333333333,NA,NA,NA
2015-10-04,109.708333333333,NA,NA,NA
2015-10-05,202.5,NA,NA,NA
2015-10-06,267.708333333333,NA,141,NA
2015-10-07,219.958333333333,254,NA,NA
2015-10-08,8.95833333333333,NA,NA,NA
2015-10-09,18.5652173913043,NA,81,NA
2015-10-10,6.26315789473684,NA,98,NA
2015-10-11,7.04166666666667,NA,NA,NA
2015-10-12,13.7083333333333,257,NA,NA
2015-10-13,40.4583333333333,NA,82,NA
2015-10-14,115.5,NA,NA,NA
2015-10-15,112.583333333333,NA,NA,NA
2015-10-16,214.5,NA,NA,NA
2015-10-17,302.666666666667,NA,NA,NA
2015-10-18,51.25,NA,NA,NA
2015-10-19,63.5,NA,NA,NA
2015-10-20,75.1666666666667,144,NA,NA
2015-10-21,52.125,NA,NA,NA
2015-10-22,29.9166666666667,NA,83,NA
2015-10-23,51.625,NA,NA,NA
2015-10-24,51.0833333333333,NA,NA,NA
2015-10-25,30.2916666666667,NA,NA,NA
2015-10-26,30.5833333333333,NA,NA,NA
2015-10-27,14.7083333333333,NA,NA,NA
2015-10-28,7.75,160,NA,NA
2015-10-29,9.16666666666667,NA,NA,NA
2015-10-30,25.6666666666667,NA,NA,NA
2015-10-31,45.5,NA,NA,NA
2015-11-01,75.5,NA,NA,NA
2015-11-02,90.7916666666667,NA,NA,NA
2015-11-03,165.291666666667,NA,30,NA
2015-11-04,207.583333333333,NA,NA,NA
2015-11-05,102.791666666667,123,NA,NA
2015-11-06,17.25,NA,NA,NA
2015-11-07,15.3333333333333,NA,7,NA
2015-11-08,54.4166666666667,NA,NA,NA
2015-11-09,144.208333333333,NA,26,NA
2015-11-10,136.125,NA,NA,NA
2015-11-11,117.708333333333,NA,58,NA
2015-11-12,165.583333333333,NA,NA,NA
2015-11-13,206.666666666667,NA,NA,NA
2015-11-14,259.291666666667,NA,NA,NA
2015-11-15,202.083333333333,NA,NA,NA
2015-11-16,56.7083333333333,NA,NA,NA
2015-11-17,55.125,NA,11,NA
2015-11-18,62.0833333333333,52,NA,NA
2015-11-19,82.75,NA,NA,NA
2015-11-20,68.5416666666667,NA,NA,NA
2015-11-21,47.7916666666667,NA,NA,NA
2015-11-22,50.375,5,NA,NA
2015-11-23,25.625,NA,NA,NA
2015-11-24,31.4166666666667,NA,NA,NA
2015-11-25,49.7083333333333,-9,NA,NA
2015-11-26,36.0833333333333,-13,NA,NA
2015-11-27,251.375,NA,NA,NA
2015-11-28,300.541666666667,NA,NA,NA
2015-11-29,253.166666666667,NA,NA,NA
2015-11-30,412.75,27,-42,69
2015-12-01,464.375,35,NA,NA
2015-12-02,6.75,56,-28,84
2015-12-03,9.54166666666667,25,NA,NA
2015-12-04,29.375,NA,NA,NA
2015-12-05,40.5416666666667,NA,NA,NA
2015-12-06,160,NA,NA,NA
2015-12-07,183.25,NA,NA,NA
2015-12-08,270.916666666667,NA,-12,NA
2015-12-09,266.208333333333,NA,NA,NA
2015-12-10,96.875,NA,NA,NA
2015-12-11,44.8333333333333,NA,NA,NA
2015-12-12,159.041666666667,NA,NA,NA
2015-12-13,188.125,NA,NA,NA
2015-12-14,144.375,NA,NA,NA
2015-12-15,6.08333333333333,NA,NA,NA
2015-12-16,7.58333333333333,NA,NA,NA
2015-12-17,60.695652173913,NA,NA,NA
2015-12-18,74.2916666666667,NA,NA,NA
2015-12-19,171,NA,NA,NA
2015-12-20,238.208333333333,NA,NA,NA
2015-12-21,241.125,NA,NA,NA
2015-12-22,336.958333333333,NA,NA,NA
2015-12-23,254.541666666667,NA,NA,NA
2015-12-24,100.416666666667,NA,NA,NA
2015-12-25,537.25,NA,NA,NA
2015-12-26,254.333333333333,NA,NA,NA
2015-12-27,56.2083333333333,NA,NA,NA
2015-12-28,112.416666666667,NA,-82,NA
2015-12-29,331.875,34,NA,NA
2015-12-30,101.75,NA,NA,NA
2015-12-31,70.875,NA,NA,NA
